Id,Area,Bedrooms,Bathrooms,Floors,YearBuilt,Location,Condition,Garage,Price,Garage
1,1360,5,4,3,1970,Downtown,Excellent,No,149919,No
2,4272,5,4,3,1958,Downtown,Excellent,No,424998,No
3,3592,2,2,3,1938,Downtown,Good,No,266746,No
4,966,4,2,2,1902,Suburban,Fair,Yes,244020,Yes
5,4926,1,4,2,1975,Downtown,Fair,Yes,636056,Yes
6,3944,1,2,1,1906,Urban,Poor,No,93262,No
7,3671,1,1,2,1948,Rural,Poor,Yes,448722,Yes
8,3419,2,4,1,1925,Suburban,Good,Yes,594893,Yes
9,630,2,2,1,1932,Rural,Poor,Yes,652878,Yes
10,2185,3,3,1,2000,,Poor,No,340375,No
11,1269,1,4,2,1947,Suburban,Poor,Yes,653685,Yes
12,2891,4,4,3,1978,Urban,Excellent,Yes,127123,Yes
13,2933,4,3,2,1901,Downtown,Poor,No,849947,No
14,1684,1,1,1,2004,Rural,Good,No,399355,No
15,3885,1,3,1,1970,Urban,Fair,Yes,481838,Yes
16,4617,1,4,2,1931,Downtown,Poor,No,853032,No
17,3404,2,1,1,1903,Urban,Fair,Yes,208964,Yes
18,974,2,2,1,1919,Downtown,Poor,Yes,905742,Yes
19,1582,2,2,2,2013,Suburban,Good,No,989305,No
20,3058,5,2,2,2016,Downtown,Excellent,No,218767,No
21,2547,4,4,2,1935,Suburban,Good,Yes,996357,Yes
22,3247,4,3,1,1931,Downtown,Excellent,No,709789,No
23,1475,3,1,1,1927,Downtown,Poor,No,709966,No
24,2306,2,2,3,1976,Rural,Poor,Yes,447694,Yes
25,689,5,1,3,1900,Urban,Excellent,Yes,688668,Yes
26,3234,5,4,2,1959,Urban,Good,Yes,527032,Yes
27,3505,4,2,3,1955,Urban,Good,Yes,745494,Yes
28,2399,2,4,1,1934,Downtown,Excellent,Yes,513179,Yes
29,1767,3,3,3,2011,Downtown,Poor,Yes,948212,Yes
30,2028,2,4,1,1929,Downtown,Excellent,No,206547,No
31,3702,1,4,2,1953,Suburban,Poor,No,902609,No
32,4056,2,3,2,1935,Suburban,Excellent,Yes,727090,Yes
33,4390,1,1,1,2020,Rural,Poor,No,202185,No
34,1146,1,3,3,1954,Downtown,Excellent,No,725371,No
35,3388,3,3,2,1988,Urban,Fair,Yes,105746,Yes
36,2935,4,4,2,1979,Urban,Poor,No,959507,No
37,1100,2,1,3,1957,Rural,Good,No,748213,No
38,2863,1,2,3,1982,Urban,Excellent,Yes,921627,Yes
39,2561,2,3,1,1964,Rural,Good,No,873250,No
40,741,4,1,3,1968,Downtown,Excellent,No,218393,No
41,2541,4,3,3,1950,Urban,Good,Yes,333453,Yes
42,3324,5,3,3,1921,Downtown,Good,No,986192,No
43,3112,4,3,1,1987,Suburban,Excellent,No,340320,No
44,1863,3,3,1,2006,Urban,Excellent,No,643167,No
45,1978,1,4,2,2008,Suburban,Good,Yes,641880,Yes
46,3056,5,1,1,2015,Urban,Good,Yes,396872,Yes
47,1275,3,1,2,2000,Downtown,Good,No,270084,No
48,4514,2,1,3,1952,Rural,Poor,No,976920,No
49,534,1,3,2,1999,Downtown,Poor,Yes,771782,Yes
50,3652,4,4,2,1935,Downtown,Fair,Yes,845016,Yes
51,2455,1,3,3,1967,Downtown,Poor,No,698843,No
52,2085,2,3,2,1935,Urban,Poor,Yes,405446,Yes
53,4443,5,1,1,1951,Rural,Excellent,No,958840,No
54,3573,5,3,1,1952,Suburban,Fair,No,593118,No
55,1521,5,2,1,1981,Downtown,Fair,Yes,266897,Yes
56,3961,4,3,1,1949,Urban,Poor,Yes,826522,Yes
57,3113,3,2,2,1979,Suburban,Excellent,No,913498,No
58,4343,3,3,2,1940,Downtown,Excellent,No,840023,No
59,2000,1,4,3,1917,Suburban,Fair,Yes,143878,Yes
60,661,4,4,2,1921,Downtown,Excellent,No,175407,No
61,4797,5,1,2,1965,Suburban,Good,Yes,691157,Yes
62,2481,5,3,2,1920,Suburban,Poor,Yes,307716,Yes
63,1495,2,2,3,1999,Rural,Good,Yes,857827,Yes
64,3842,2,2,1,1943,Rural,Fair,Yes,66738,Yes
65,4298,5,3,2,2002,Downtown,Fair,Yes,183703,Yes
66,1775,5,2,3,1946,Urban,Excellent,No,723265,No
67,1516,4,4,3,1938,Rural,Excellent,Yes,593344,Yes
68,837,3,2,3,1928,Suburban,Fair,Yes,815034,Yes
69,1378,2,1,1,1953,Rural,Fair,Yes,560241,Yes
70,1576,3,4,2,1989,Rural,Good,Yes,433800,Yes
71,4493,4,4,3,1984,Downtown,Good,Yes,689604,Yes
72,879,5,4,1,1916,Rural,Excellent,Yes,740807,Yes
73,992,3,3,3,1979,Rural,Good,Yes,628706,Yes
74,2562,5,3,3,1959,Suburban,Excellent,No,873622,No
75,4384,5,4,3,1930,Rural,Excellent,No,76014,No
76,564,1,3,3,2014,Suburban,Poor,No,778359,No
77,3068,3,2,3,1972,Rural,Excellent,No,813277,No
78,2527,3,3,1,1994,Rural,Good,Yes,231350,Yes
79,3195,5,3,2,1977,Urban,Fair,No,961995,No
80,1995,4,4,2,1948,Rural,Fair,Yes,838212,Yes
81,891,1,1,2,2000,Suburban,Good,No,534859,No
82,4974,5,1,2,1901,Suburban,Fair,No,764618,No
83,4061,2,1,1,2015,Downtown,Excellent,Yes,540339,Yes
84,2778,2,2,1,1947,Downtown,Fair,Yes,92192,Yes
85,3599,1,3,1,2009,Urban,Good,No,941307,No
86,700,4,1,3,1913,Suburban,Fair,No,411273,No
87,3604,5,4,3,1958,Suburban,Excellent,No,93923,No
88,2954,3,1,3,1996,Suburban,Excellent,No,663484,No
89,4145,1,1,2,1998,Urban,Good,Yes,576683,Yes
90,1304,4,3,3,1957,Suburban,Good,No,414593,No
91,3231,3,3,2,2002,Downtown,Good,No,433891,No
92,3273,2,3,3,1957,Urban,Poor,No,802744,No
93,2070,2,2,2,2010,Downtown,Poor,No,458995,No
94,3190,3,2,3,1950,Downtown,Excellent,No,645316,No
95,4340,1,1,3,1983,Urban,Poor,Yes,997226,Yes
96,1528,2,3,1,1901,Rural,Poor,Yes,450327,Yes
97,1002,5,1,3,2014,Rural,Fair,Yes,816751,Yes
98,4993,3,4,3,1940,Downtown,Poor,Yes,715344,Yes
99,1370,3,4,1,1982,Rural,Fair,Yes,929608,Yes
100,4988,2,3,2,2022,Suburban,Good,No,777688,No
101,706,1,3,1,2000,Urban,Fair,Yes,305315,Yes
102,1984,5,4,1,1981,Downtown,Fair,Yes,339068,Yes
103,1363,1,3,2,1915,Suburban,Good,No,495919,No
104,3290,4,2,3,1903,Rural,Good,Yes,344721,Yes
105,1063,4,2,2,1911,Suburban,Excellent,Yes,188783,Yes
106,4691,2,3,3,1928,Rural,Excellent,Yes,659836,Yes
107,2257,2,4,3,1906,Downtown,Excellent,Yes,307288,Yes
108,2178,2,1,2,1913,Suburban,Excellent,No,543085,No
109,3742,4,3,1,2018,Urban,Fair,No,545187,No
110,1559,1,3,2,1911,Downtown,Fair,Yes,699381,Yes
111,2222,1,1,3,1998,Suburban,Excellent,No,285835,No
112,3814,2,3,2,1904,Suburban,Poor,Yes,971600,Yes
113,3657,5,1,2,1980,Rural,Excellent,No,902987,No
114,3125,1,4,3,2021,Downtown,Poor,No,401992,No
115,3229,4,2,1,2005,Downtown,Good,No,256084,No
116,2097,3,4,2,1931,Downtown,Fair,No,844686,No
117,3560,3,2,3,1973,Downtown,Fair,No,437554,No
118,3193,3,1,3,1942,Rural,Poor,No,803315,No
119,4127,5,2,2,1980,Urban,Excellent,No,520336,No
120,1863,2,4,1,1968,Downtown,Fair,No,973469,No
121,2481,4,2,2,1944,Rural,Poor,No,258072,No
122,2163,5,1,1,2005,Urban,Good,No,298029,No
123,2029,4,2,1,1908,Urban,Good,No,259047,No
124,2538,4,3,1,1948,Rural,Fair,Yes,415169,Yes
125,3802,2,4,1,1932,Downtown,Excellent,No,180509,No
126,2737,3,3,2,1999,Urban,Poor,Yes,812072,Yes
127,1806,2,1,3,1999,Downtown,Fair,No,345107,No
128,4529,5,2,3,1917,Downtown,Good,Yes,577561,Yes
129,3175,5,3,3,1908,Suburban,Excellent,Yes,589618,Yes
130,1782,5,3,3,1961,Downtown,Poor,Yes,202566,Yes
131,1209,2,2,3,1956,Suburban,Fair,No,650710,No
132,4913,4,2,3,1928,Urban,Poor,No,958521,No
133,4248,4,4,2,2013,Rural,Excellent,No,53212,No
134,1163,1,3,1,1977,Suburban,Excellent,No,282131,No
135,2498,5,3,3,1924,Rural,Good,Yes,526657,Yes
136,3945,4,1,2,1914,Urban,Excellent,No,661882,No
137,4243,1,4,3,1905,Downtown,Fair,No,182152,No
138,1995,4,1,3,2019,Urban,Poor,No,344819,No
139,3804,5,3,1,1941,Rural,Excellent,No,72007,No
140,4263,3,1,1,1928,Urban,Excellent,No,688093,No
141,2353,5,3,1,1978,Downtown,Fair,No,394785,No
142,1791,2,3,3,1992,Urban,Poor,No,670103,No
143,4081,4,1,3,1903,Downtown,Poor,No,883247,No
144,3957,4,1,3,1981,Suburban,Good,Yes,919914,Yes
145,2136,2,2,1,2013,Rural,Good,Yes,837071,Yes
146,4196,2,2,2,1956,Downtown,Poor,No,375737,No
147,3499,3,2,3,1948,Downtown,Fair,No,562164,No
148,3652,4,3,3,1943,Urban,Fair,No,128038,No
149,1198,4,1,3,2002,Suburban,Good,No,406043,No
150,2660,3,4,2,1979,Downtown,Excellent,Yes,840168,Yes
151,4597,1,3,3,1974,Suburban,Fair,Yes,827794,Yes
152,1354,3,4,2,1913,Suburban,Excellent,No,66473,No
153,3974,5,1,3,1902,Urban,Fair,Yes,703059,Yes
154,2207,4,3,2,2014,Downtown,Poor,Yes,175801,Yes
155,3277,2,4,3,2013,Urban,Good,No,944030,No
156,2233,5,4,1,1961,Rural,Excellent,No,660911,No
157,4010,4,2,1,2005,Rural,Excellent,No,558252,No
158,702,3,2,1,1963,Downtown,Poor,Yes,275097,Yes
159,3755,5,2,1,2001,Suburban,Fair,Yes,348964,Yes
160,4718,4,3,3,1944,Downtown,Excellent,No,265933,No
161,4996,1,1,1,2005,Downtown,Fair,No,369733,No
162,1266,1,1,2,1981,Rural,Poor,Yes,771167,Yes
163,4889,2,2,1,1957,Rural,Good,Yes,330558,Yes
164,2827,4,2,1,1919,Suburban,Excellent,No,439522,No
165,3431,1,2,1,1957,Suburban,Fair,Yes,74220,Yes
166,697,3,4,3,2011,Downtown,Excellent,No,634819,No
167,2430,4,2,1,1988,Urban,Fair,No,422146,No
168,4082,3,4,2,1956,Downtown,Fair,Yes,557409,Yes
169,1108,3,1,1,2001,Suburban,Fair,Yes,747785,Yes
170,3772,1,3,1,1976,Urban,Poor,Yes,59387,Yes
171,1647,4,3,1,1967,Rural,Good,No,295752,No
172,4782,5,3,2,2018,Suburban,Excellent,No,651103,No
173,3897,1,3,1,1977,Suburban,Good,No,601872,No
174,3011,1,4,2,1996,Urban,Fair,No,619071,No
175,2294,4,4,2,1991,Suburban,Fair,No,745169,No
176,1159,4,2,1,1951,Suburban,Good,No,759687,No
177,3311,3,4,2,1936,Suburban,Good,Yes,698782,Yes
178,1869,4,2,3,1907,Suburban,Excellent,No,690102,No
179,2486,3,2,1,1943,Suburban,Fair,No,300139,No
180,646,1,3,1,1997,Suburban,Good,No,967184,No
181,3719,2,4,2,2007,Suburban,Poor,No,550228,No
182,3411,5,4,2,1904,Suburban,Fair,Yes,716217,Yes
183,2234,1,2,1,2017,Rural,Fair,No,747621,No
184,2343,4,2,3,1968,Suburban,Excellent,Yes,910020,Yes
185,988,5,1,2,1930,Rural,Poor,Yes,984499,Yes
186,3476,2,1,2,1944,Rural,Excellent,No,296509,No
187,2459,2,2,3,1908,Downtown,Poor,No,63580,No
188,2885,3,1,3,2005,Downtown,Excellent,Yes,592528,Yes
189,3419,5,1,1,1931,Rural,Poor,Yes,828639,Yes
190,2302,3,2,3,1932,Rural,Poor,No,395590,No
191,4561,1,2,1,1966,Suburban,Poor,Yes,518968,Yes
192,3869,5,4,3,1929,Downtown,Good,No,940965,No
193,762,1,2,2,2013,Urban,Fair,No,828559,No
194,1123,3,2,1,1975,Downtown,Poor,Yes,533663,Yes
195,1516,5,3,1,1928,Rural,Good,No,478082,No
196,4143,3,4,1,1902,Rural,Good,No,655262,No
197,2549,5,4,3,1989,Suburban,Excellent,No,647689,No
198,4223,3,4,2,1956,Suburban,Fair,Yes,263165,Yes
199,3608,2,3,1,1929,Downtown,Fair,Yes,455427,Yes
200,4590,3,2,1,1908,Suburban,Excellent,Yes,502201,Yes
201,2556,2,4,1,1925,Urban,Fair,No,214340,No
202,3670,3,4,1,1901,Urban,Excellent,Yes,840078,Yes
203,2182,5,1,2,1961,Suburban,Good,Yes,760731,Yes
204,2755,5,4,3,1902,Urban,Good,Yes,822411,Yes
205,1654,5,2,2,1945,Urban,Poor,No,354960,No
206,4999,4,2,1,1967,Downtown,Excellent,No,139460,No
207,3691,1,1,2,1924,Urban,Good,Yes,356256,Yes
208,2196,5,4,1,1950,Rural,Good,Yes,101048,Yes
209,4491,2,4,3,1912,Rural,Excellent,Yes,780806,Yes
210,2148,5,4,3,2002,Downtown,Good,No,182850,No
211,1945,4,3,3,1943,Suburban,Fair,Yes,882184,Yes
212,4699,2,4,1,1934,Downtown,Good,No,528193,No
213,4423,4,2,2,1954,Suburban,Excellent,No,907158,No
214,753,2,2,3,1986,Suburban,Fair,No,786200,No
215,3683,3,3,1,1908,Suburban,Fair,Yes,994793,Yes
216,3057,1,3,1,1901,Suburban,Good,Yes,356932,Yes
217,598,1,4,2,1960,Suburban,Poor,No,316891,No
218,2700,4,1,3,2017,Downtown,Fair,No,574333,No
219,3461,1,3,1,1940,Suburban,Excellent,No,582046,No
220,4933,4,3,2,1943,Urban,Poor,No,829685,No
221,4277,4,4,3,1963,Urban,Poor,Yes,961508,Yes
222,3369,4,4,2,1930,Suburban,Fair,Yes,728797,Yes
223,3734,1,3,2,2007,Urban,Good,No,724945,No
224,4291,4,1,1,1946,Rural,Poor,No,190926,No
225,1456,1,3,1,1901,Downtown,Good,No,233148,No
226,4567,4,4,1,1995,Downtown,Fair,Yes,893382,Yes
227,660,5,4,2,1981,Suburban,Excellent,No,722709,No
228,4993,4,3,1,1976,Suburban,Poor,Yes,801588,Yes
229,1800,2,1,2,2009,Rural,Excellent,No,726708,No
230,4487,4,3,2,1968,Suburban,Good,Yes,215368,Yes
231,2027,3,3,1,1957,Urban,Good,Yes,544496,Yes
232,1718,4,4,3,2005,Rural,Excellent,No,69455,No
233,4996,2,1,3,1943,Urban,Fair,Yes,784184,Yes
234,3604,2,2,3,1973,Downtown,Fair,Yes,515139,Yes
235,3235,1,1,2,1955,Urban,Poor,Yes,281897,Yes
236,1454,5,3,2,1942,Downtown,Poor,Yes,482509,Yes
237,3946,4,3,2,1988,Urban,Fair,No,542646,No
238,1545,1,3,1,1933,Downtown,Fair,No,662840,No
239,2193,5,1,2,2000,Suburban,Excellent,No,882548,No
240,3936,4,4,1,1929,Urban,Good,No,432605,No
241,1062,3,3,1,1970,Downtown,Good,No,614772,No
242,2985,4,3,3,1969,Urban,Poor,Yes,997719,Yes
243,3854,2,1,3,2017,Rural,Fair,Yes,393782,Yes
244,725,2,2,3,1954,Suburban,Excellent,Yes,708764,Yes
245,1459,3,2,1,1966,Downtown,Poor,Yes,218332,Yes
246,3567,1,4,1,1912,Rural,Excellent,No,150647,No
247,1315,5,4,1,1902,Urban,Fair,No,639930,No
248,3620,4,3,2,1925,Rural,Fair,Yes,786091,Yes
249,516,2,1,1,1956,Urban,Fair,No,882441,No
250,1743,1,3,3,1923,Suburban,Good,Yes,178824,Yes
251,2705,3,4,3,1952,Rural,Fair,Yes,823202,Yes
252,3024,2,1,1,1969,Suburban,Poor,No,866037,No
253,1569,3,1,1,1942,Downtown,Good,No,685167,No
254,3944,4,4,3,1959,Urban,Excellent,No,695115,No
255,3065,5,2,1,1957,Urban,Poor,No,317724,No
256,1560,2,2,3,1948,Suburban,Poor,No,951334,No
257,2827,2,1,2,1941,Suburban,Excellent,No,317544,No
258,3920,4,3,3,1975,Downtown,Good,No,745003,No
259,801,1,2,2,2012,Rural,Poor,Yes,801545,Yes
260,4776,5,3,1,1999,Urban,Poor,No,932464,No
261,1106,2,2,1,1965,Urban,Poor,Yes,177319,Yes
262,3670,5,2,2,1910,Downtown,Good,Yes,562193,Yes
263,1199,2,3,1,2002,Downtown,Good,No,529389,No
264,1639,5,4,2,1997,Suburban,Good,Yes,156960,Yes
265,690,3,2,1,1989,Suburban,Poor,No,89015,No
266,2800,2,2,3,1917,Rural,Fair,Yes,383857,Yes
267,1480,5,3,1,1984,Downtown,Excellent,Yes,778165,Yes
268,3475,1,4,3,1999,Rural,Fair,Yes,982478,Yes
269,1684,3,2,3,2003,Downtown,Good,No,195109,No
270,3827,3,2,2,1951,Urban,Poor,Yes,527508,Yes
271,3894,1,4,1,1945,Downtown,Poor,Yes,836351,Yes
272,627,5,2,2,1943,Downtown,Fair,Yes,983671,Yes
273,2565,4,4,1,1921,Urban,Fair,No,138754,No
274,2316,1,4,3,1952,Downtown,Excellent,Yes,271775,Yes
275,1069,5,3,3,1958,Rural,Poor,No,355292,No
276,2395,1,1,1,1993,Suburban,Fair,Yes,777513,Yes
277,3233,1,4,1,2013,Suburban,Excellent,Yes,726894,Yes
278,4363,2,3,2,2006,Rural,Good,Yes,796355,Yes
279,4514,5,1,1,2023,Urban,Fair,No,959222,No
280,3401,4,2,1,1929,Downtown,Good,Yes,922510,Yes
281,2186,2,1,1,1907,Rural,Excellent,Yes,106879,Yes
282,3509,1,4,2,1997,Suburban,Good,Yes,169894,Yes
283,654,1,4,1,1956,Suburban,Poor,Yes,640127,Yes
284,3037,1,4,3,2010,Rural,Poor,No,79756,No
285,1909,5,4,2,1972,Suburban,Good,Yes,718043,Yes
286,4557,5,4,2,2014,Rural,Poor,Yes,230557,Yes
287,1284,2,3,3,1919,Suburban,Excellent,Yes,279303,Yes
288,3675,4,4,3,2003,Rural,Poor,Yes,454241,Yes
289,4841,2,3,3,1924,Downtown,Good,No,724075,No
290,3306,3,2,1,1918,Downtown,Good,Yes,541599,Yes
291,1037,1,4,3,1904,Downtown,Good,Yes,545283,Yes
292,2341,1,4,1,1974,Downtown,Fair,No,667231,No
293,2955,1,1,2,1978,Suburban,Good,Yes,792476,Yes
294,1024,2,2,2,1971,Urban,Excellent,Yes,198188,Yes
295,3450,2,4,3,1982,Rural,Poor,Yes,611032,Yes
296,4631,1,4,1,1986,Urban,Poor,No,174697,No
297,4615,2,2,3,1926,Suburban,Fair,Yes,530795,Yes
298,2868,5,3,3,1939,Suburban,Fair,No,690360,No
299,4347,5,4,1,1995,Urban,Excellent,No,445340,No
300,4995,2,1,3,1925,Urban,Good,No,286028,No
301,3201,1,4,2,1926,Suburban,Fair,No,743411,No
302,1471,2,1,3,1961,Suburban,Poor,No,57176,No
303,1666,2,1,1,1982,Rural,Fair,No,927742,No
304,3274,2,4,1,1949,Downtown,Fair,No,826653,No
305,2482,3,4,2,1941,Downtown,Good,Yes,508034,Yes
306,1353,5,1,1,1928,Rural,Fair,Yes,563611,Yes
307,4646,4,2,1,1938,Urban,Excellent,No,199748,No
308,4236,4,2,2,1959,Suburban,Poor,No,95177,No
309,4269,3,4,3,1940,Urban,Good,No,533512,No
310,1074,2,3,2,1932,Downtown,Poor,No,160623,No
311,3761,3,2,3,1982,Downtown,Excellent,No,575285,No
312,1648,3,4,2,2000,Urban,Excellent,No,502546,No
313,2215,1,2,3,1982,Downtown,Fair,Yes,546184,Yes
314,4354,5,3,2,1996,Suburban,Fair,Yes,694467,Yes
315,2991,4,4,3,2010,Rural,Fair,No,297439,No
316,3160,2,3,2,1915,Urban,Poor,No,694691,No
317,3624,4,4,3,1922,Suburban,Excellent,No,978735,No
318,3551,4,3,2,1906,Suburban,Good,Yes,145287,Yes
319,504,5,2,1,1925,Downtown,Fair,No,169574,No
320,1376,4,2,3,1995,Suburban,Poor,Yes,830751,Yes
321,1491,4,3,2,1911,Urban,Fair,Yes,171509,Yes
322,4642,3,3,3,1971,Suburban,Excellent,Yes,397591,Yes
323,4864,5,3,3,1904,Rural,Good,No,945954,No
324,4965,1,4,2,2005,Suburban,Excellent,No,499181,No
325,1135,2,2,3,1991,Suburban,Poor,Yes,393288,Yes
326,2193,4,4,2,2016,Rural,Fair,Yes,822793,Yes
327,2182,2,2,1,1968,Suburban,Excellent,Yes,242589,Yes
328,619,1,1,3,1948,Suburban,Poor,Yes,929125,Yes
329,1330,2,4,1,1925,Downtown,Fair,No,406459,No
330,4175,1,2,3,1904,Urban,Good,Yes,538720,Yes
331,1869,3,2,3,1921,Downtown,Excellent,No,863819,No
332,1240,4,4,3,1978,Urban,Fair,Yes,54090,Yes
333,616,1,4,2,1912,Rural,Fair,No,957278,No
334,3338,2,2,1,1927,Rural,Fair,Yes,468161,Yes
335,1650,4,4,3,1932,Rural,Fair,No,876671,No
336,2431,3,3,2,2006,Urban,Excellent,No,53743,No
337,1512,4,4,3,1922,Urban,Fair,No,80924,No
338,2164,1,4,2,1996,Urban,Poor,Yes,191268,Yes
339,1581,3,4,3,2006,Rural,Excellent,No,966592,No
340,1012,2,2,1,1917,Urban,Fair,Yes,928247,Yes
341,3349,3,3,1,2013,Suburban,Excellent,No,679600,No
342,1059,3,1,3,2016,Downtown,Poor,No,381004,No
343,4172,5,1,2,1929,Rural,Poor,Yes,790537,Yes
344,3843,3,3,3,1925,Downtown,Excellent,No,798378,No
345,4570,3,3,2,1915,Suburban,Fair,No,279602,No
346,1970,4,3,3,1976,Urban,Fair,Yes,392543,Yes
347,1080,2,2,2,1938,Downtown,Poor,No,885227,No
348,2794,4,1,1,1932,Suburban,Fair,No,887985,No
349,3647,4,3,3,1925,Suburban,Poor,No,558928,No
350,4749,1,2,1,1947,Downtown,Fair,No,153976,No
351,2179,4,1,1,1964,Rural,Poor,Yes,205183,Yes
352,4006,5,4,3,2012,Downtown,Good,No,687854,No
353,3244,5,2,3,1937,Rural,Fair,No,307443,No
354,3856,1,1,2,1901,Urban,Fair,No,694256,No
355,4545,2,2,2,2012,Rural,Fair,No,111600,No
356,1743,2,1,1,1905,Urban,Excellent,No,624310,No
357,3618,4,1,2,1945,Downtown,Fair,No,708559,No
358,2641,4,4,2,1949,Urban,Excellent,No,887329,No
359,3559,4,2,3,1937,Suburban,Excellent,No,874470,No
360,3459,2,3,2,2005,Urban,Poor,Yes,173323,Yes
361,2765,3,4,1,1987,Rural,Excellent,Yes,236110,Yes
362,2979,5,4,2,1917,Rural,Excellent,Yes,694566,Yes
363,2135,3,1,1,1926,Rural,Good,Yes,947486,Yes
364,2257,3,3,3,1940,Urban,Fair,No,320041,No
365,4952,2,2,1,1971,Rural,Excellent,No,638829,No
366,2570,3,3,2,1991,Rural,Fair,Yes,156968,Yes
367,3349,1,3,3,1973,Suburban,Excellent,Yes,589180,Yes
368,3751,4,3,2,1916,Urban,Poor,Yes,975775,Yes
369,4230,1,3,3,2018,Suburban,Good,No,74815,No
370,2989,5,3,3,1961,Rural,Excellent,No,882044,No
371,2131,4,1,2,1928,Rural,Fair,Yes,476573,Yes
372,3316,3,1,2,1957,Rural,Poor,Yes,518304,Yes
373,1515,5,4,3,1969,Urban,Fair,Yes,852699,Yes
374,1848,4,1,3,1977,Downtown,Poor,Yes,854700,Yes
375,3587,3,4,2,1921,Rural,Good,Yes,688751,Yes
376,3339,1,4,1,2017,Rural,Poor,No,981767,No
377,835,4,2,2,1905,Rural,Fair,Yes,514151,Yes
378,1395,3,3,3,1925,Rural,Fair,No,931779,No
379,4046,1,1,2,1938,Urban,Excellent,Yes,240732,Yes
380,1351,5,2,1,1911,Downtown,Poor,Yes,246599,Yes
381,2187,5,1,2,1998,Downtown,Fair,No,244451,No
382,2431,5,4,3,1913,Downtown,Excellent,Yes,406686,Yes
383,4246,5,1,2,1921,Rural,Good,No,746631,No
384,2927,2,3,3,1950,Rural,Fair,No,378756,No
385,2068,4,4,3,1922,Downtown,Excellent,Yes,188307,Yes
386,4500,4,4,2,1947,Downtown,Fair,Yes,138757,Yes
387,3238,2,2,3,1970,Rural,Poor,No,459633,No
388,3998,3,3,3,2003,Rural,Excellent,No,934507,No
389,4413,3,4,1,1949,Suburban,Poor,Yes,346753,Yes
390,1566,5,3,1,1988,Suburban,Good,No,939217,No
391,4880,1,1,1,1912,Suburban,Poor,Yes,304200,Yes
392,2944,3,3,1,1984,Downtown,Excellent,No,597933,No
393,4607,1,4,3,2004,Urban,Fair,Yes,506089,Yes
394,3873,4,2,2,1909,Rural,Excellent,No,769918,No
395,4469,1,4,3,2016,Suburban,Poor,No,374377,No
396,3046,4,3,3,1954,Urban,Poor,Yes,423587,Yes
397,1253,2,3,3,2022,Rural,Fair,No,204473,No
398,2582,2,4,2,1908,Urban,Good,No,844203,No
399,3274,5,3,1,1978,Downtown,Excellent,No,517667,No
400,3396,3,1,3,1951,Downtown,Fair,No,522650,No
401,4685,5,4,3,1901,Downtown,Fair,No,510665,No
402,1275,4,2,1,1924,Suburban,Fair,No,414745,No
403,2125,5,4,3,1912,Rural,Excellent,No,535820,No
404,3569,1,1,2,1997,Downtown,Excellent,Yes,445158,Yes
405,917,4,1,3,1950,Suburban,Excellent,No,725748,No
406,614,2,1,3,1957,Suburban,Good,No,961656,No
407,1116,3,1,1,1933,Suburban,Fair,Yes,657539,Yes
408,4474,4,1,3,1934,Suburban,Poor,No,631330,No
409,3767,4,2,3,2001,Downtown,Poor,No,890172,No
410,1325,1,3,2,1902,Suburban,Fair,Yes,246945,Yes
411,2016,3,1,1,2005,Downtown,Poor,No,621312,No
412,3646,2,1,1,2019,Downtown,Good,No,728810,No
413,912,4,4,2,1958,Suburban,Good,Yes,631253,Yes
414,1228,4,2,3,1969,Downtown,Excellent,Yes,322201,Yes
415,3848,1,2,1,2018,Rural,Excellent,No,798609,No
416,3308,5,3,1,1947,Rural,Excellent,No,845415,No
417,1175,2,2,3,1963,Urban,Excellent,Yes,442613,Yes
418,3965,3,4,3,2012,Rural,Excellent,No,594283,No
419,3004,4,4,1,1918,Downtown,Poor,Yes,164587,Yes
420,3467,4,3,3,1966,Downtown,Poor,Yes,283076,Yes
421,3286,2,4,1,1981,Rural,Excellent,Yes,796988,Yes
422,1622,5,1,3,2002,Suburban,Good,No,520897,No
423,4579,4,1,3,1972,Suburban,Poor,Yes,88886,Yes
424,2071,2,4,2,2015,Downtown,Good,Yes,401169,Yes
425,2643,1,3,3,1975,Suburban,Good,Yes,539788,Yes
426,2187,5,2,2,1904,Urban,Fair,No,145149,No
427,4632,3,3,3,1966,Urban,Fair,No,668308,No
428,4351,4,2,1,1910,Rural,Excellent,No,576961,No
429,3940,2,4,1,2020,Rural,Good,Yes,913945,Yes
430,4266,1,4,3,1993,Suburban,Poor,No,73466,No
431,2826,3,1,3,1967,Downtown,Fair,No,287626,No
432,3414,2,2,1,1968,Rural,Fair,Yes,928977,Yes
433,4452,2,3,3,1900,Urban,Good,Yes,559966,Yes
434,1095,3,4,2,1990,Rural,Fair,No,624694,No
435,1228,1,3,2,1991,Rural,Fair,No,446904,No
436,1865,1,1,2,1962,Urban,Poor,Yes,643572,Yes
437,4992,5,2,2,1928,Downtown,Good,No,810006,No
438,1198,4,2,2,1981,Rural,Fair,Yes,951011,Yes
439,895,3,4,3,1911,Rural,Good,Yes,587953,Yes
440,4671,3,2,3,1976,Rural,Fair,No,594929,No
441,4860,3,4,2,1940,Suburban,Poor,No,475716,No
442,3002,1,1,3,1901,Rural,Good,No,610085,No
443,2319,4,2,3,1936,Urban,Fair,No,790126,No
444,1217,5,4,2,1944,Downtown,Poor,Yes,358094,Yes
445,3282,2,3,3,1979,Downtown,Fair,No,992550,No
446,4077,2,4,3,1947,Urban,Good,No,965986,No
447,643,3,2,3,1923,Suburban,Fair,No,676627,No
448,3640,4,1,2,1998,Urban,Good,Yes,687719,Yes
449,4991,1,2,3,1921,Downtown,Good,No,282275,No
450,3438,4,2,1,1999,Urban,Fair,No,452854,No
451,4136,4,4,1,1910,Suburban,Poor,Yes,857605,Yes
452,3722,1,3,2,2018,Downtown,Excellent,Yes,718582,Yes
453,1667,3,2,1,1957,Suburban,Poor,Yes,231136,Yes
454,3116,4,3,2,1945,Urban,Poor,Yes,218082,Yes
455,1562,2,4,1,1928,Rural,Fair,Yes,303301,Yes
456,2656,1,3,1,1934,Urban,Poor,No,592383,No
457,3482,5,4,1,2011,Suburban,Poor,Yes,173554,Yes
458,3794,3,1,2,2017,Urban,Excellent,Yes,444655,Yes
459,1656,1,3,2,1914,Rural,Poor,Yes,962046,Yes
460,1232,5,3,3,1959,Suburban,Excellent,Yes,809277,Yes
461,4830,5,1,2,1994,Urban,Fair,Yes,528766,Yes
462,1453,4,3,1,1941,Suburban,Excellent,Yes,972879,Yes
463,3039,4,1,1,2004,Suburban,Good,Yes,663311,Yes
464,3824,4,2,2,1942,Downtown,Good,Yes,681469,Yes
465,3801,1,4,2,1979,Downtown,Excellent,No,272310,No
466,2042,1,1,2,1973,Suburban,Good,No,857032,No
467,1691,3,3,3,1948,Urban,Fair,No,838898,No
468,3493,4,1,1,1963,Urban,Good,Yes,830637,Yes
469,3181,5,3,3,1931,Urban,Excellent,Yes,549344,Yes
470,1717,2,2,3,1963,Rural,Fair,Yes,750457,Yes
471,2040,3,1,1,2014,Suburban,Good,No,946366,No
472,3736,1,2,1,1901,Suburban,Fair,Yes,627564,Yes
473,2886,3,4,2,1923,Rural,Excellent,Yes,493333,Yes
474,4219,3,3,2,1986,Suburban,Good,Yes,490187,Yes
475,1888,3,3,3,1965,Suburban,Fair,No,319072,No
476,2356,3,2,2,1937,Rural,Fair,No,891741,No
477,1865,2,4,2,1930,Downtown,Good,Yes,255719,Yes
478,999,4,1,1,2014,Suburban,Fair,No,746248,No
479,2180,5,1,1,2003,Rural,Fair,Yes,800385,Yes
480,1010,3,3,2,1925,Urban,Excellent,Yes,749192,Yes
481,4812,3,2,1,1928,Downtown,Excellent,No,166196,No
482,1824,3,2,2,1966,Urban,Excellent,No,59404,No
483,1655,4,1,1,2021,Suburban,Excellent,No,476855,No
484,2327,1,4,1,1977,Downtown,Excellent,No,783478,No
485,3641,1,4,1,1924,Rural,Excellent,Yes,503814,Yes
486,3986,2,1,1,1947,Suburban,Good,Yes,687475,Yes
487,2310,1,1,2,1964,Rural,Excellent,No,946881,No
488,3423,3,2,3,1952,Downtown,Fair,No,601972,No
489,2714,3,4,1,1966,Urban,Good,Yes,642879,Yes
490,4686,3,1,2,2017,Suburban,Fair,Yes,431965,Yes
491,1213,2,1,2,1989,Suburban,Excellent,Yes,783082,Yes
492,4102,3,3,1,1917,Rural,Excellent,Yes,314826,Yes
493,4634,1,1,3,1908,Downtown,Fair,No,161186,No
494,4022,4,1,1,1937,Rural,Fair,No,817469,No
495,4768,4,4,2,1986,Downtown,Fair,No,596120,No
496,1743,5,2,3,1920,Suburban,Poor,Yes,591285,Yes
497,4209,1,4,2,2020,Downtown,Poor,Yes,346784,Yes
498,1581,3,2,1,1964,Suburban,Poor,No,520098,No
499,955,4,3,3,1920,Downtown,Poor,No,90491,No
500,1394,1,1,2,1926,Urban,Good,No,113043,No
501,1884,4,3,2,2005,Downtown,Excellent,Yes,948607,Yes
502,2458,3,2,2,2022,Urban,Fair,No,178568,No
503,3572,4,4,1,1969,Downtown,Excellent,Yes,426394,Yes
504,2496,5,4,3,2018,Downtown,Fair,No,647013,No
505,4785,5,3,1,1943,Rural,Excellent,No,178131,No
506,1004,4,2,1,1999,Rural,Good,No,95520,No
507,1714,1,3,1,1927,Suburban,Poor,Yes,375063,Yes
508,2031,1,3,3,1944,Rural,Excellent,Yes,684157,Yes
509,3940,1,1,1,1916,Downtown,Fair,Yes,638730,Yes
510,1323,4,3,1,2022,Rural,Excellent,Yes,835313,Yes
511,1428,1,1,1,1939,Downtown,Good,Yes,202842,Yes
512,633,3,1,1,2021,Urban,Good,Yes,417390,Yes
513,2605,5,4,2,2015,Downtown,Excellent,No,752858,No
514,4127,3,1,1,1902,Suburban,Poor,Yes,421831,Yes
515,2352,1,1,2,1975,Urban,Fair,No,572485,No
516,4675,3,4,1,2002,Suburban,Good,Yes,697735,Yes
517,3433,1,3,3,1975,Suburban,Good,No,635765,No
518,3784,4,2,2,1965,Suburban,Excellent,No,574532,No
519,4798,3,2,2,2019,Rural,Good,Yes,915885,Yes
520,3311,4,2,2,1945,Suburban,Good,No,500953,No
521,1750,4,3,2,1985,Urban,Fair,Yes,227561,Yes
522,4012,2,1,3,1986,Downtown,Poor,Yes,964394,Yes
523,1756,1,2,1,1929,Suburban,Fair,Yes,907735,Yes
524,3876,5,3,2,1968,Urban,Poor,Yes,340534,Yes
525,3986,1,1,3,1908,Suburban,Fair,No,584535,No
526,4084,5,4,2,1984,Downtown,Excellent,Yes,250123,Yes
527,1896,1,2,1,1910,Urban,Good,No,765079,No
528,4137,4,1,2,1968,Urban,Poor,No,477894,No
529,3830,3,2,3,1998,Downtown,Excellent,No,531018,No
530,3203,3,2,1,1990,Urban,Good,Yes,257358,Yes
531,970,2,2,3,2012,Downtown,Good,No,866015,No
532,1853,5,1,1,1965,Urban,Good,Yes,566456,Yes
533,3283,5,3,1,1987,Urban,Fair,No,189148,No
534,3331,5,1,1,1930,Downtown,Excellent,Yes,985510,Yes
535,857,4,2,2,1932,Downtown,Excellent,Yes,196123,Yes
536,3519,5,1,3,1938,Urban,Good,Yes,447530,Yes
537,1167,3,4,3,1993,Urban,Poor,Yes,602958,Yes
538,4968,4,3,3,1945,Downtown,Excellent,No,543973,No
539,1645,1,1,1,1936,Rural,Fair,No,961352,No
540,4685,5,4,2,2014,Downtown,Poor,Yes,60236,Yes
541,4219,5,3,1,1991,Urban,Poor,No,85568,No
542,3245,1,4,3,1959,Urban,Poor,Yes,681615,Yes
543,1039,5,3,2,1930,Urban,Poor,Yes,305745,Yes
544,3279,1,1,2,1910,Downtown,Excellent,No,422332,No
545,4636,4,4,2,1986,Urban,Good,Yes,535119,Yes
546,4275,3,2,3,2020,Rural,Poor,Yes,328496,Yes
547,3008,1,4,2,1901,Suburban,Fair,Yes,700009,Yes
548,3279,2,3,2,2003,Rural,Fair,Yes,309291,Yes
549,1424,1,1,1,2004,Downtown,Good,Yes,488866,Yes
550,3456,5,3,1,1926,Urban,Excellent,No,453562,No
551,2081,4,4,2,1998,Downtown,Good,No,730516,No
552,3824,4,4,2,1901,Suburban,Poor,No,105904,No
553,4985,1,2,1,2002,Downtown,Excellent,Yes,981539,Yes
554,755,3,1,1,2000,Urban,Excellent,Yes,958573,Yes
555,2338,2,1,1,1920,Suburban,Poor,Yes,328252,Yes
556,2444,4,4,3,1957,Suburban,Fair,Yes,572247,Yes
557,509,5,1,3,1904,Urban,Poor,Yes,839285,Yes
558,3371,5,2,1,1951,Urban,Good,Yes,396300,Yes
559,1297,3,3,2,1944,Urban,Poor,No,316320,No
560,1515,4,1,1,1984,Downtown,Fair,Yes,674747,Yes
561,2324,1,4,3,1992,Rural,Poor,No,469136,No
562,4969,5,3,2,1919,Downtown,Good,Yes,235922,Yes
563,3636,3,3,3,1960,Downtown,Good,No,187901,No
564,2693,4,2,2,1937,Rural,Fair,Yes,173225,Yes
565,723,4,4,3,1919,Urban,Good,No,543406,No
566,4658,4,1,2,2013,Urban,Good,No,810135,No
567,4425,4,4,2,1924,Rural,Poor,Yes,271738,Yes
568,4500,4,3,2,1901,Rural,Excellent,Yes,954890,Yes
569,2133,5,4,2,2020,Downtown,Good,No,685181,No
570,2652,3,1,3,1931,Suburban,Good,Yes,910359,Yes
571,1010,4,1,3,1925,Rural,Fair,Yes,528076,Yes
572,884,2,2,2,1969,Downtown,Fair,Yes,954610,Yes
573,904,2,1,2,1940,Suburban,Poor,No,292726,No
574,2500,3,1,3,2020,Urban,Poor,Yes,352811,Yes
575,3256,1,4,2,1966,Urban,Good,No,771202,No
576,2168,1,4,2,1996,Downtown,Excellent,No,479059,No
577,1960,1,3,2,1900,Downtown,Excellent,Yes,756168,Yes
578,4136,2,2,1,1950,Rural,Poor,No,473759,No
579,3224,1,4,2,1904,Urban,Fair,Yes,515996,Yes
580,4678,5,1,1,1912,Downtown,Good,Yes,56611,Yes
581,2548,4,3,2,1918,Urban,Good,No,400386,No
582,4646,2,4,3,1911,Urban,Excellent,No,921044,No
583,1216,3,2,1,1947,Rural,Poor,No,883334,No
584,2323,3,2,1,1924,Suburban,Excellent,No,821812,No
585,2581,4,3,2,1956,Rural,Excellent,No,345187,No
586,3919,2,3,2,2014,Downtown,Poor,Yes,186343,Yes
587,2074,1,3,1,1934,Rural,Fair,No,909299,No
588,749,1,3,3,1975,Rural,Good,Yes,389233,Yes
589,1173,5,3,3,1993,Urban,Fair,Yes,895177,Yes
590,2665,5,1,2,1904,Rural,Poor,No,540092,No
591,1270,1,1,3,1997,Downtown,Poor,No,240191,No
592,4462,3,4,3,1921,Suburban,Good,No,716933,No
593,4863,3,2,2,2002,Rural,Fair,No,726769,No
594,2484,5,1,3,1976,Rural,Good,No,922402,No
595,1577,4,1,2,1956,Suburban,Excellent,Yes,336608,Yes
596,735,1,1,1,1946,Downtown,Excellent,Yes,299220,Yes
597,888,5,4,2,1953,Downtown,Excellent,Yes,486056,Yes
598,3537,5,3,1,1902,Rural,Fair,No,692811,No
599,2348,1,4,1,2023,Urban,Excellent,No,594950,No
600,3314,1,2,3,1952,Rural,Good,Yes,854660,Yes
601,3874,3,2,3,1983,Suburban,Fair,No,635009,No
602,3778,4,2,3,1930,Suburban,Good,No,712746,No
603,1752,4,2,2,1968,Suburban,Poor,No,843294,No
604,4481,1,1,3,1987,Rural,Fair,Yes,614396,Yes
605,2622,2,1,1,2003,Rural,Good,No,141788,No
606,2650,5,4,3,2017,Downtown,Good,Yes,518239,Yes
607,1829,5,3,3,1932,Urban,Fair,No,294437,No
608,1858,1,2,2,1971,Rural,Poor,No,811299,No
609,2982,2,4,2,1987,Downtown,Fair,Yes,916572,Yes
610,2517,3,1,1,1949,Rural,Excellent,No,732561,No
611,1831,1,1,2,1983,Downtown,Excellent,No,905010,No
612,4844,1,3,3,2023,Downtown,Poor,No,99966,No
613,4761,5,3,2,1915,Urban,Good,Yes,235846,Yes
614,1858,1,3,1,2013,Rural,Good,No,322530,No
615,3677,1,4,3,2015,Downtown,Good,No,651516,No
616,2628,1,1,1,1975,Suburban,Fair,No,196297,No
617,2680,5,1,2,1976,Suburban,Fair,No,459909,No
618,637,3,3,2,2008,Suburban,Poor,No,384341,No
619,3972,3,2,1,2005,Urban,Excellent,Yes,93021,Yes
620,3332,1,3,3,1938,Downtown,Good,Yes,431059,Yes
621,4079,5,4,2,1988,Urban,Excellent,No,199333,No
622,3531,3,3,2,1945,Rural,Fair,No,470594,No
623,4664,3,3,3,1995,Rural,Fair,Yes,953606,Yes
624,3093,3,4,2,1987,Downtown,Fair,No,826934,No
625,4800,5,3,1,2011,Suburban,Excellent,No,136755,No
626,4318,5,1,2,1946,Downtown,Poor,No,979441,No
627,4638,1,2,2,1943,Downtown,Poor,No,116330,No
628,4323,4,3,3,1908,Downtown,Fair,No,752726,No
629,4542,3,4,1,2003,Urban,Good,No,908754,No
630,2406,4,2,3,2013,Rural,Excellent,No,938750,No
631,1260,5,4,2,1986,Downtown,Fair,No,619601,No
632,3945,5,2,2,1949,Downtown,Excellent,Yes,284729,Yes
633,1399,5,2,3,1976,Downtown,Excellent,Yes,807071,Yes
634,4955,4,3,3,1959,Urban,Poor,No,339176,No
635,3447,5,1,3,2022,Urban,Fair,No,535179,No
636,2219,1,3,1,1995,Urban,Poor,No,198430,No
637,780,5,4,2,2013,Downtown,Fair,No,898142,No
638,3766,2,4,3,1914,Suburban,Excellent,Yes,407470,Yes
639,2387,4,2,2,1935,Suburban,Poor,Yes,398301,Yes
640,3766,2,2,1,2012,Suburban,Excellent,Yes,492037,Yes
641,1166,5,1,1,1962,Rural,Fair,Yes,78365,Yes
642,4688,1,3,1,1968,Downtown,Good,No,325333,No
643,1171,3,4,1,1985,Suburban,Poor,No,519965,No
644,2469,5,2,2,1979,Suburban,Poor,No,581536,No
645,4656,1,1,1,1940,Suburban,Excellent,Yes,54369,Yes
646,3622,4,4,1,1973,Downtown,Excellent,No,506979,No
647,4400,2,2,3,1923,Suburban,Good,No,975554,No
648,1023,2,4,1,1981,Suburban,Poor,Yes,865037,Yes
649,2893,2,1,3,1948,Downtown,Fair,Yes,886048,Yes
650,3617,4,1,1,1917,Rural,Fair,Yes,497695,Yes
651,3093,1,4,1,1906,Urban,Poor,Yes,415863,Yes
652,2468,4,3,3,1903,Suburban,Poor,Yes,221955,Yes
653,2253,2,4,1,1989,Urban,Poor,No,607343,No
654,2796,5,2,2,1968,Rural,Good,No,774091,No
655,2761,3,3,2,1959,Rural,Fair,Yes,428824,Yes
656,2786,4,2,1,1954,Suburban,Fair,No,319594,No
657,4702,4,4,2,1915,Downtown,Excellent,No,183997,No
658,3378,1,3,3,1998,Rural,Excellent,No,523267,No
659,4643,1,2,1,1989,Urban,Poor,No,100272,No
660,4144,4,4,1,1981,Urban,Excellent,Yes,55310,Yes
661,4932,2,4,3,1928,Urban,Good,No,81817,No
662,2555,3,3,3,1922,Urban,Fair,No,558350,No
663,1776,1,4,3,2016,Rural,Fair,No,536160,No
664,3266,2,1,1,1913,Suburban,Excellent,Yes,487744,Yes
665,802,5,2,3,1978,Suburban,Poor,No,790176,No
666,1138,1,2,3,1948,Urban,Excellent,Yes,132641,Yes
667,555,2,4,2,1932,Suburban,Poor,Yes,789443,Yes
668,1025,2,4,2,1924,Urban,Good,Yes,781670,Yes
669,4623,3,1,1,1920,Urban,Fair,Yes,589745,Yes
670,2625,3,3,2,1916,Downtown,Good,No,92311,No
671,3787,5,4,2,1922,Rural,Fair,Yes,971484,Yes
672,864,2,4,3,1956,Rural,Good,Yes,201958,Yes
673,2146,2,4,3,2006,Urban,Excellent,Yes,520328,Yes
674,1418,3,4,2,1980,Rural,Good,Yes,494093,Yes
675,3297,1,2,2,1957,Suburban,Good,Yes,697861,Yes
676,2031,1,4,2,1913,Urban,Excellent,No,409571,No
677,3845,4,2,1,1992,Downtown,Fair,Yes,872613,Yes
678,2406,3,4,1,1919,Suburban,Fair,No,214334,No
679,3586,4,3,1,1929,Downtown,Excellent,No,968451,No
680,2575,3,1,2,1918,Downtown,Good,Yes,443238,Yes
681,1213,5,3,2,1952,Rural,Good,No,837560,No
682,1562,2,4,1,2002,Rural,Good,No,653810,No
683,2476,5,4,1,1955,Urban,Poor,No,213394,No
684,1796,3,4,2,1976,Rural,Fair,Yes,98929,Yes
685,625,2,3,3,1981,Downtown,Good,Yes,655984,Yes
686,4096,1,4,1,1922,Downtown,Fair,Yes,427389,Yes
687,3783,1,3,2,1961,Suburban,Good,Yes,846240,Yes
688,2103,4,2,2,2009,Downtown,Excellent,Yes,669436,Yes
689,566,3,1,3,1932,Urban,Excellent,Yes,496098,Yes
690,732,3,1,2,2002,Urban,Fair,Yes,858157,Yes
691,2656,1,3,2,2003,Rural,Fair,No,384678,No
692,1669,5,2,1,1917,Rural,Excellent,No,352094,No
693,2658,2,3,1,1972,Rural,Poor,Yes,794314,Yes
694,4706,5,2,3,1932,Urban,Excellent,No,133576,No
695,1993,5,4,3,1931,Downtown,Good,Yes,70557,Yes
696,4507,1,2,2,1960,Rural,Poor,Yes,596113,Yes
697,2972,1,2,1,1953,Suburban,Excellent,Yes,321142,Yes
698,3160,1,2,3,1916,Rural,Poor,No,86080,No
699,3239,4,1,3,1918,Urban,Poor,Yes,833103,Yes
700,2261,5,2,3,1990,Rural,Poor,Yes,238869,Yes
701,4014,3,4,2,1969,Downtown,Fair,Yes,721162,Yes
702,2475,2,4,1,1998,Rural,Excellent,Yes,978671,Yes
703,2862,4,4,3,2019,Urban,Fair,No,543844,No
704,1376,3,2,1,2000,Urban,Fair,Yes,616695,Yes
705,4312,5,3,3,1933,Suburban,Good,No,170283,No
706,3948,1,3,3,1983,Urban,Good,No,63338,No
707,1812,5,4,1,1924,Suburban,Poor,Yes,650577,Yes
708,1960,2,1,1,1967,Downtown,Poor,Yes,514736,Yes
709,3209,4,3,1,1973,Urban,Good,No,724255,No
710,2824,4,2,2,1973,Rural,Good,No,228982,No
711,2233,2,3,3,1987,Downtown,Excellent,No,967461,No
712,2105,3,4,2,1984,Rural,Poor,No,159367,No
713,3063,3,1,1,1910,Rural,Poor,Yes,378042,Yes
714,3921,4,3,3,1990,Rural,Good,No,970958,No
715,4017,4,3,2,1915,Downtown,Excellent,No,691774,No
716,2897,1,4,3,1989,Downtown,Good,No,398684,No
717,4235,3,1,2,1960,Urban,Good,No,544775,No
718,3370,2,1,1,1993,Rural,Fair,Yes,788497,Yes
719,1660,3,4,2,2012,Suburban,Poor,Yes,493853,Yes
720,742,1,2,3,1979,Urban,Excellent,Yes,830343,Yes
721,3090,4,3,3,1906,Downtown,Fair,No,710709,No
722,1563,4,2,3,1915,Suburban,Poor,No,961848,No
723,4824,1,3,3,1998,Downtown,Good,Yes,876395,Yes
724,3095,2,3,1,2021,Suburban,Excellent,Yes,450966,Yes
725,1419,4,2,2,1915,Urban,Poor,No,407073,No
726,505,5,4,1,1939,Suburban,Good,Yes,727823,Yes
727,967,4,4,1,1911,Urban,Fair,No,649223,No
728,4670,5,3,1,1934,Downtown,Excellent,No,764152,No
729,503,1,4,3,2012,Suburban,Poor,No,850118,No
730,1145,1,3,3,1920,Rural,Fair,No,549555,No
731,617,4,4,3,1949,Rural,Good,No,113528,No
732,3428,3,3,2,1942,Downtown,Good,No,674099,No
733,3051,5,4,3,1999,Suburban,Poor,Yes,558907,Yes
734,4789,2,1,2,2011,Rural,Good,Yes,334931,Yes
735,1346,4,2,3,1916,Urban,Excellent,Yes,982280,Yes
736,3262,2,1,3,1931,Suburban,Poor,No,427757,No
737,1641,4,2,1,1940,Suburban,Fair,Yes,762787,Yes
738,2310,3,2,1,1905,Rural,Poor,No,834429,No
739,1223,3,3,1,1987,Urban,Poor,No,154887,No
740,724,3,2,2,1926,Urban,Fair,No,111086,No
741,4708,3,1,2,1919,Urban,Good,No,938663,No
742,2548,1,1,3,1924,Suburban,Fair,Yes,305494,Yes
743,4915,1,4,2,1965,Downtown,Excellent,Yes,558889,Yes
744,2073,5,1,3,1908,Suburban,Good,Yes,637596,Yes
745,2328,2,4,2,1991,Suburban,Poor,No,327941,No
746,2417,4,2,2,1952,Rural,Good,Yes,317446,Yes
747,4734,4,1,2,1960,Downtown,Good,Yes,506388,Yes
748,2526,1,2,1,1937,Urban,Excellent,Yes,612347,Yes
749,4244,4,1,2,1902,Rural,Good,No,181980,No
750,1401,1,1,1,1983,Suburban,Good,Yes,765612,Yes
751,2539,5,4,1,1969,Downtown,Good,No,523875,No
752,509,2,2,2,2002,Urban,Poor,Yes,193949,Yes
753,760,5,1,3,1996,Urban,Good,No,326383,No
754,2173,3,3,3,1954,Suburban,Fair,Yes,77313,Yes
755,2719,3,2,3,1900,Urban,Good,Yes,92103,Yes
756,2560,3,2,2,2000,Urban,Excellent,Yes,229480,Yes
757,4213,5,2,3,1969,Downtown,Good,No,526467,No
758,2119,4,4,1,1944,Rural,Good,Yes,138771,Yes
759,820,2,3,3,1997,Downtown,Poor,Yes,176228,Yes
760,1842,3,2,2,1946,Rural,Fair,No,141665,No
761,2876,3,1,3,1978,Rural,Good,No,846966,No
762,3332,3,1,1,2008,Rural,Fair,No,879492,No
763,3324,2,4,2,1925,Urban,Excellent,No,853621,No
764,2494,3,1,3,2020,Downtown,Poor,Yes,964863,Yes
765,3458,2,2,2,1913,Urban,Fair,Yes,660355,Yes
766,2538,3,1,2,2021,Suburban,Poor,No,847399,No
767,3990,5,2,2,1953,Downtown,Good,Yes,787351,Yes
768,4177,5,1,3,1970,Rural,Excellent,No,901995,No
769,1618,2,3,2,1945,Urban,Poor,Yes,320804,Yes
770,2104,5,4,3,2021,Urban,Good,No,430815,No
771,4527,2,4,1,1930,Downtown,Fair,Yes,534091,Yes
772,735,5,3,3,1987,Downtown,Excellent,No,179909,No
773,2469,5,3,1,1958,Rural,Excellent,No,483039,No
774,4929,2,4,3,1994,Rural,Fair,Yes,499058,Yes
775,2408,4,3,2,1928,Suburban,Fair,Yes,190688,Yes
776,875,5,2,3,2005,Rural,Excellent,Yes,125976,Yes
777,4030,3,1,2,1995,Urban,Poor,No,807496,No
778,3135,4,4,1,1916,Suburban,Excellent,Yes,229810,Yes
779,2070,2,3,3,1913,Suburban,Fair,No,325251,No
780,3060,4,2,2,2003,Suburban,Poor,Yes,766764,Yes
781,3891,1,4,1,1935,Downtown,Good,Yes,668470,Yes
782,3465,1,3,1,1957,Rural,Excellent,No,817441,No
783,4143,5,4,3,2011,Suburban,Fair,No,928219,No
784,4350,5,3,1,1923,Downtown,Good,Yes,852386,Yes
785,1372,3,4,2,2008,Downtown,Excellent,No,329087,No
786,1752,4,2,1,1962,Suburban,Excellent,No,90725,No
787,1814,1,2,1,2017,Suburban,Poor,Yes,881866,Yes
788,3398,5,1,2,1990,Urban,Fair,No,922183,No
789,577,4,4,1,1924,Suburban,Good,Yes,584398,Yes
790,3121,5,1,1,1958,Urban,Excellent,Yes,548864,Yes
791,4727,5,4,1,1931,Suburban,Poor,No,328606,No
792,1100,1,3,1,2015,Suburban,Good,Yes,391376,Yes
793,1565,1,3,2,1981,Rural,Good,No,759441,No
794,2636,5,1,1,2009,Suburban,Excellent,Yes,496015,Yes
795,2949,2,4,2,1917,Suburban,Good,No,640855,No
796,2843,5,1,1,1936,Urban,Excellent,No,532517,No
797,2363,5,2,1,1925,Urban,Poor,No,756584,No
798,1818,3,1,1,1908,Rural,Poor,No,439569,No
799,4097,3,1,1,2023,Suburban,Good,No,892495,No
800,4262,3,3,2,1998,Suburban,Excellent,Yes,163394,Yes
801,2690,2,1,2,1963,Urban,Fair,Yes,891672,Yes
802,1492,2,4,2,1971,Downtown,Poor,No,917784,No
803,3212,5,3,3,1919,Downtown,Excellent,Yes,198940,Yes
804,2692,3,1,1,1953,Downtown,Excellent,No,393133,No
805,1748,2,2,1,2005,Urban,Excellent,No,72222,No
806,3554,1,1,2,1985,Urban,Good,Yes,129794,Yes
807,4533,5,1,3,1982,Downtown,Fair,Yes,638212,Yes
808,2497,4,1,1,1929,Downtown,Good,No,674142,No
809,4187,5,3,2,1952,Suburban,Poor,No,914945,No
810,2651,4,4,1,1991,Urban,Good,No,834326,No
811,4518,3,2,1,1998,Urban,Excellent,No,891081,No
812,3610,4,1,2,2006,Downtown,Good,No,415130,No
813,2470,3,4,2,1962,Downtown,Excellent,No,818103,No
814,697,1,4,1,1910,Rural,Fair,Yes,920181,Yes
815,3126,4,3,1,1930,Urban,Good,No,283127,No
816,1702,5,2,2,1948,Rural,Good,No,554434,No
817,2535,3,3,1,2011,Suburban,Good,Yes,191295,Yes
818,977,5,4,1,2002,Rural,Excellent,No,229238,No
819,1754,2,4,2,1999,Downtown,Excellent,No,89369,No
820,1422,3,4,1,1993,Urban,Good,Yes,922811,Yes
821,919,4,3,1,1986,Urban,Good,No,905824,No
822,2704,3,2,3,1918,Rural,Fair,Yes,849093,Yes
823,3097,5,1,2,1911,Rural,Fair,No,720951,No
824,1620,1,3,3,1914,Suburban,Poor,Yes,383862,Yes
825,3568,3,4,3,1930,Suburban,Fair,Yes,760595,Yes
826,1450,4,3,3,1942,Downtown,Fair,Yes,320114,Yes
827,2836,2,4,1,2000,Downtown,Fair,No,97922,No
828,2743,1,1,1,1936,Downtown,Excellent,No,543614,No
829,3145,2,1,3,1978,Rural,Fair,Yes,867187,Yes
830,2357,3,2,3,1928,Rural,Fair,Yes,695214,Yes
831,2365,5,4,3,2013,Urban,Good,No,69416,No
832,3412,5,2,1,2006,Downtown,Excellent,No,63672,No
833,3353,4,2,3,1925,Rural,Poor,No,526684,No
834,3728,5,1,3,2007,Urban,Poor,No,178145,No
835,4219,1,3,2,1901,Downtown,Fair,No,752356,No
836,3728,5,3,2,1983,Suburban,Poor,Yes,910527,Yes
837,2871,4,2,1,1914,Suburban,Poor,No,50064,No
838,3391,3,1,2,2015,Rural,Poor,Yes,118835,Yes
839,4256,3,4,2,1903,Urban,Fair,No,251457,No
840,4725,5,3,2,1985,Suburban,Poor,Yes,973143,Yes
841,594,2,2,1,1949,Urban,Fair,Yes,297795,Yes
842,3174,3,3,2,1937,Urban,Good,No,454271,No
843,2455,5,3,1,1922,Suburban,Good,Yes,399738,Yes
844,1293,4,4,3,1958,Urban,Poor,Yes,996931,Yes
845,2334,5,1,2,1989,Suburban,Good,Yes,691204,Yes
846,2616,3,4,1,2014,Rural,Fair,Yes,956740,Yes
847,4606,4,1,2,1974,Downtown,Good,No,918948,No
848,3825,5,3,3,1927,Downtown,Poor,Yes,901098,Yes
849,3419,1,2,1,2019,Rural,Fair,No,245346,No
850,3097,4,4,1,1965,Suburban,Excellent,Yes,954726,Yes
851,3705,1,1,1,2022,Suburban,Fair,No,323010,No
852,1314,2,3,3,1907,Suburban,Good,No,53889,No
853,845,4,1,3,1928,Suburban,Excellent,No,168194,No
854,2849,1,1,3,1910,Rural,Fair,Yes,174714,Yes
855,862,3,1,1,2000,Downtown,Excellent,No,605623,No
856,2943,3,3,3,1917,Urban,Excellent,No,100547,No
857,2765,2,2,2,1954,Urban,Excellent,Yes,207234,Yes
858,2688,4,2,3,1949,Downtown,Fair,No,794809,No
859,3505,4,2,1,1913,Rural,Good,Yes,730047,Yes
860,3781,4,1,2,2017,Urban,Fair,Yes,935188,Yes
861,1484,2,3,3,1973,Downtown,Good,No,323139,No
862,2139,4,1,2,1998,Rural,Fair,Yes,499704,Yes
863,1327,3,2,2,1908,Urban,Fair,Yes,52631,Yes
864,3230,1,2,1,1998,Suburban,Fair,Yes,187039,Yes
865,4031,3,3,2,1910,Suburban,Good,No,924726,No
866,4951,3,1,2,1962,Rural,Fair,Yes,399422,Yes
867,3435,1,4,1,2007,Suburban,Excellent,Yes,638759,Yes
868,4376,3,4,1,1975,Rural,Fair,Yes,349260,Yes
869,626,2,2,1,1966,Downtown,Excellent,No,928548,No
870,3677,1,3,2,1952,Downtown,Poor,Yes,477443,Yes
871,3556,3,1,2,1938,Urban,Poor,No,707302,No
872,1103,5,1,2,1977,Rural,Good,Yes,621952,Yes
873,3949,3,2,1,1955,Urban,Good,No,733429,No
874,4646,2,2,3,1927,Urban,Poor,No,137342,No
875,4033,4,1,2,1974,Downtown,Fair,No,64407,No
876,3867,3,1,3,1938,Urban,Fair,Yes,163926,Yes
877,3868,4,2,1,1924,Suburban,Fair,Yes,371345,Yes
878,4297,5,1,2,1920,Urban,Poor,Yes,916525,Yes
879,2292,3,4,3,1909,Rural,Excellent,No,497564,No
880,3361,1,2,2,1942,Suburban,Good,Yes,787341,Yes
881,3976,4,1,2,1914,Downtown,Excellent,Yes,592166,Yes
882,3917,5,2,2,1982,Rural,Poor,No,133100,No
883,2145,1,3,3,1947,Suburban,Excellent,Yes,915061,Yes
884,1705,1,2,1,1985,Rural,Fair,Yes,498636,Yes
885,3530,1,2,2,1920,Suburban,Fair,No,544308,No
886,3372,1,3,1,1959,Rural,Excellent,No,273059,No
887,3572,3,4,1,2015,Rural,Poor,Yes,617456,Yes
888,2354,3,1,3,2007,Suburban,Excellent,No,300396,No
889,4521,3,3,3,1995,Downtown,Fair,Yes,824769,Yes
890,3208,5,2,1,1949,Downtown,Fair,Yes,367006,Yes
891,4002,5,1,2,1922,Rural,Poor,Yes,78004,Yes
892,1832,5,3,3,1912,Rural,Excellent,Yes,856903,Yes
893,701,2,1,2,1968,Downtown,Fair,Yes,574252,Yes
894,4007,5,1,2,1903,Downtown,Fair,No,666108,No
895,4712,3,3,2,1991,Urban,Excellent,No,241239,No
896,1074,3,1,1,1977,Downtown,Excellent,Yes,676517,Yes
897,1036,2,4,2,1971,Rural,Good,No,527044,No
898,2125,2,3,1,1908,Suburban,Poor,No,901740,No
899,2622,5,4,1,2020,Downtown,Poor,Yes,396113,Yes
900,885,4,2,2,2014,Urban,Excellent,No,64568,No
901,3781,2,1,2,1934,Urban,Poor,No,583754,No
902,974,1,2,2,2000,Urban,Fair,Yes,272129,Yes
903,917,3,2,2,1920,Suburban,Excellent,Yes,631612,Yes
904,4100,1,1,1,1957,Downtown,Excellent,Yes,938640,Yes
905,1454,3,3,2,1917,Downtown,Excellent,Yes,196539,Yes
906,1705,3,1,2,1996,Downtown,Good,Yes,650243,Yes
907,4620,2,2,1,1971,Suburban,Poor,Yes,197748,Yes
908,2490,2,2,3,2014,Suburban,Good,Yes,144791,Yes
909,4072,1,3,3,2012,Rural,Fair,No,736874,No
910,4880,3,1,1,1980,Urban,Poor,Yes,945150,Yes
911,4658,1,2,3,1942,Urban,Good,No,596938,No
912,3213,4,4,1,1994,Downtown,Excellent,No,400434,No
913,2703,1,2,2,1997,Suburban,Good,Yes,127701,Yes
914,3620,5,2,2,1905,Suburban,Excellent,No,847115,No
915,1466,1,3,3,1985,Downtown,Good,No,279164,No
916,3932,5,4,2,1977,Downtown,Good,No,503035,No
917,1188,5,2,3,1966,Rural,Good,Yes,655266,Yes
918,4743,5,2,3,1911,Urban,Excellent,No,579148,No
919,4201,4,4,2,1999,Urban,Good,No,709089,No
920,841,1,1,2,1911,Urban,Poor,Yes,605639,Yes
921,2224,1,1,3,2008,Rural,Poor,No,555920,No
922,4922,4,2,2,1965,Downtown,Poor,No,374888,No
923,2292,3,2,1,1901,Downtown,Excellent,No,729706,No
924,2259,2,1,2,1914,Urban,Excellent,No,956630,No
925,3712,1,3,2,1922,Urban,Poor,No,910587,No
926,1489,2,4,1,1928,Rural,Poor,Yes,171449,Yes
927,2762,4,4,2,1980,Suburban,Poor,No,650988,No
928,2982,3,3,2,1995,Suburban,Fair,Yes,809774,Yes
929,1451,3,3,3,1906,Urban,Poor,No,843387,No
930,1222,3,3,2,1993,Rural,Good,Yes,307571,Yes
931,3889,4,3,2,1927,Urban,Fair,Yes,513506,Yes
932,2579,5,3,1,1913,Suburban,Fair,Yes,487509,Yes
933,3217,5,3,3,1943,Urban,Excellent,No,766696,No
934,2832,2,4,3,1929,Suburban,Good,No,858094,No
935,3876,5,3,3,1980,Suburban,Excellent,No,580696,No
936,2000,5,1,2,1931,Suburban,Excellent,No,745763,No
937,785,3,3,3,2009,Downtown,Good,No,313369,No
938,3995,3,3,1,1969,Downtown,Excellent,Yes,979700,Yes
939,2565,2,4,3,2014,Urban,Good,Yes,513002,Yes
940,1268,1,4,1,1987,Suburban,Good,Yes,196444,Yes
941,3557,2,3,3,1905,Downtown,Excellent,No,831608,No
942,4789,2,4,3,1926,Urban,Poor,No,591567,No
943,2661,4,2,1,1981,Urban,Excellent,Yes,160401,Yes
944,3793,4,4,3,1987,Urban,Fair,No,276801,No
945,1446,2,4,3,2000,Urban,Excellent,No,821668,No
946,3835,2,4,3,2019,Urban,Good,Yes,553575,Yes
947,4650,2,4,2,1923,Rural,Fair,Yes,928836,Yes
948,1981,5,1,1,2001,Suburban,Good,No,219259,No
949,2401,4,1,3,1933,Urban,Poor,No,297145,No
950,3951,2,1,1,1939,Rural,Poor,Yes,360625,Yes
951,4564,3,3,1,1946,Suburban,Fair,No,733835,No
952,554,3,3,1,1978,Downtown,Poor,Yes,94552,Yes
953,2323,5,2,3,1974,Urban,Poor,Yes,249041,Yes
954,3962,5,1,3,1985,Rural,Excellent,Yes,257606,Yes
955,3579,1,3,1,2017,Downtown,Excellent,No,804965,No
956,1332,1,4,2,1923,Rural,Poor,Yes,836157,Yes
957,4908,1,4,1,1964,Suburban,Poor,Yes,450074,Yes
958,3306,5,1,2,1917,Suburban,Excellent,No,779846,No
959,2990,5,2,1,1943,Downtown,Poor,Yes,124474,Yes
960,827,5,2,1,1975,Rural,Poor,No,337312,No
961,3810,3,4,1,1956,Urban,Good,No,606387,No
962,3800,5,2,3,2006,Urban,Poor,No,252252,No
963,4175,3,1,2,1927,Downtown,Fair,Yes,814742,Yes
964,3554,1,4,2,2003,Downtown,Good,Yes,373599,Yes
965,2643,1,3,1,2023,Downtown,Fair,No,628528,No
966,1811,1,3,3,1970,Rural,Poor,No,386940,No
967,3691,2,2,3,1922,Urban,Excellent,No,891024,No
968,3038,2,4,2,1984,Urban,Good,Yes,835034,Yes
969,4483,4,4,3,1933,Urban,Excellent,No,434325,No
970,664,4,3,2,1910,Downtown,Good,No,302051,No
971,4777,4,4,2,1985,Urban,Excellent,No,151611,No
972,1322,2,4,2,2005,Suburban,Good,Yes,632334,Yes
973,1443,2,4,3,1934,Downtown,Good,No,824756,No
974,4925,4,2,2,2015,Urban,Fair,Yes,66488,Yes
975,1274,4,4,2,1992,Rural,Excellent,Yes,239913,Yes
976,2698,5,1,1,1941,Downtown,Fair,No,430665,No
977,3656,4,2,2,1927,Suburban,Fair,No,967899,No
978,4742,5,4,2,2022,Suburban,Excellent,No,758029,No
979,4195,3,4,1,1981,Rural,Good,Yes,716205,Yes
980,3952,2,1,1,1977,Rural,Fair,Yes,741419,Yes
981,1414,4,2,3,1981,Downtown,Excellent,Yes,68394,Yes
982,1808,2,3,2,1991,Downtown,Good,No,930425,No
983,4677,2,3,3,1923,Suburban,Fair,Yes,226978,Yes
984,1013,2,2,3,1907,Rural,Fair,No,109332,No
985,2420,3,4,1,2005,Downtown,Fair,No,218377,No
986,4094,1,4,3,2017,Suburban,Good,No,92628,No
987,1909,4,3,2,2008,Rural,Fair,Yes,857784,Yes
988,3690,1,3,1,1952,Suburban,Good,Yes,529898,Yes
989,4991,1,3,2,1971,Urban,Poor,Yes,919403,Yes
990,2055,1,1,2,1903,Rural,Fair,No,101993,No
991,1304,2,3,1,1990,Downtown,Poor,Yes,220458,Yes
992,1779,5,1,2,1999,Downtown,Excellent,Yes,939459,Yes
993,4077,2,2,1,1904,Urban,Fair,No,500281,No
994,3401,2,4,2,1996,Rural,Excellent,No,956644,No
995,1887,1,3,1,1948,Suburban,Excellent,Yes,528720,Yes
996,3261,2,4,3,1997,Downtown,Excellent,No,556357,No
997,3179,1,4,2,1929,Urban,Poor,Yes,58539,Yes
998,2606,5,3,1,1971,Urban,Good,No,182335,No
999,4723,4,3,2,2002,Rural,Poor,No,456521,No
1000,3268,1,2,2,1962,Rural,Poor,Yes,890249,Yes
1001,4453,5,1,2,1946,Downtown,Excellent,No,991902,No
1002,3686,4,1,1,1925,Urban,Fair,No,290310,No
1003,3780,3,4,3,1956,Suburban,Good,No,256873,No
1004,3073,1,3,3,1936,Urban,Excellent,Yes,361251,Yes
1005,3099,1,2,3,1997,Suburban,Good,No,999656,No
1006,4533,3,2,1,1906,Suburban,Poor,No,536476,No
1007,736,3,2,3,1939,Downtown,Good,Yes,998128,Yes
1008,1804,1,2,1,1991,Urban,Good,Yes,965672,Yes
1009,3930,3,2,2,1938,Suburban,Fair,No,411799,No
1010,1801,2,1,2,1961,Rural,Excellent,No,630420,No
1011,3041,4,1,3,2002,Suburban,Good,No,962133,No
1012,2551,4,1,1,1991,Rural,Good,Yes,155494,Yes
1013,941,4,3,2,1977,Rural,Poor,No,889411,No
1014,2576,2,4,1,1952,Urban,Poor,Yes,894445,Yes
1015,3680,3,2,1,2013,Rural,Good,Yes,275997,Yes
1016,3157,5,3,2,2001,Suburban,Excellent,No,638085,No
1017,4298,3,2,1,1903,Rural,Good,No,101798,No
1018,1304,1,1,2,2005,Urban,Good,Yes,722010,Yes
1019,574,4,3,2,1981,Downtown,Fair,No,469230,No
1020,2675,3,1,2,2007,Suburban,Excellent,No,650709,No
1021,4424,5,2,1,2011,Suburban,Fair,Yes,319578,Yes
1022,2589,1,2,2,1924,Urban,Excellent,No,866460,No
1023,540,2,4,1,1906,Urban,Excellent,Yes,640846,Yes
1024,2581,2,2,2,2001,Urban,Excellent,No,860763,No
1025,2122,5,1,2,1927,Urban,Fair,Yes,117573,Yes
1026,841,1,2,3,1968,Suburban,Fair,Yes,703761,Yes
1027,4552,4,4,3,1966,Downtown,Fair,No,517508,No
1028,2574,3,4,3,2007,Rural,Poor,Yes,227398,Yes
1029,1145,1,1,1,1994,Rural,Fair,Yes,395123,Yes
1030,4763,2,3,1,2010,Downtown,Poor,No,840555,No
1031,1109,5,2,2,2005,Downtown,Poor,No,328747,No
1032,954,5,4,2,2021,Downtown,Poor,No,378085,No
1033,3453,3,2,2,1919,Urban,Good,Yes,92597,Yes
1034,2208,5,2,2,1982,Suburban,Good,Yes,768598,Yes
1035,3972,5,3,1,2011,Suburban,Good,Yes,920670,Yes
1036,3469,1,4,2,2023,Suburban,Poor,No,485935,No
1037,3528,4,2,2,1910,Urban,Poor,Yes,797146,Yes
1038,3181,3,4,3,2003,Suburban,Excellent,Yes,353895,Yes
1039,4129,1,1,2,1966,Urban,Poor,No,962894,No
1040,4725,4,1,2,1986,Suburban,Good,Yes,136978,Yes
1041,3567,1,2,2,1906,Downtown,Poor,No,329837,No
1042,1886,1,4,1,1922,Rural,Poor,No,532757,No
1043,4276,5,2,3,1960,Rural,Excellent,No,218769,No
1044,3366,4,4,2,1970,Urban,Poor,Yes,406668,Yes
1045,3863,3,4,2,2009,Suburban,Fair,Yes,410013,Yes
1046,4624,3,3,3,1933,Rural,Excellent,Yes,735352,Yes
1047,648,4,3,2,2005,Downtown,Poor,No,375969,No
1048,4350,5,3,1,1918,Downtown,Poor,No,714882,No
1049,2558,2,2,2,1957,Downtown,Excellent,No,442619,No
1050,1636,1,3,1,1908,Urban,Poor,Yes,881838,Yes
1051,686,5,3,1,1947,Urban,Good,Yes,288078,Yes
1052,3354,4,1,2,2014,Suburban,Fair,Yes,290140,Yes
1053,1750,1,4,3,1981,Downtown,Fair,Yes,717481,Yes
1054,1833,3,4,1,1940,Suburban,Good,Yes,697659,Yes
1055,4693,2,3,3,1947,Suburban,Poor,No,457435,No
1056,4650,3,4,2,1944,Downtown,Poor,Yes,838049,Yes
1057,3211,4,1,1,2005,Suburban,Fair,No,93016,No
1058,2285,1,1,2,1924,Rural,Poor,No,493888,No
1059,1250,4,3,3,2015,Urban,Fair,Yes,336420,Yes
1060,2262,1,1,2,1977,Suburban,Fair,No,805247,No
1061,4420,5,4,2,2007,Downtown,Good,Yes,384384,Yes
1062,4960,2,2,1,1924,Urban,Fair,Yes,942724,Yes
1063,981,5,4,2,1918,Urban,Poor,No,236807,No
1064,653,5,2,2,1938,Suburban,Poor,Yes,592247,Yes
1065,2024,4,3,2,2018,Rural,Excellent,Yes,602810,Yes
1066,2620,2,2,1,1978,Suburban,Poor,No,499303,No
1067,2843,1,1,3,1979,Rural,Excellent,No,453169,No
1068,1740,1,4,3,1926,Urban,Fair,No,76567,No
1069,560,3,2,2,2003,Suburban,Poor,No,503739,No
1070,1438,1,4,1,1973,Downtown,Good,No,112708,No
1071,2139,4,3,2,1962,Suburban,Good,No,176206,No
1072,4620,5,3,3,1967,Rural,Good,Yes,596848,Yes
1073,4726,5,1,1,2014,Rural,Fair,Yes,632678,Yes
1074,4069,5,3,3,1918,Suburban,Fair,Yes,700060,Yes
1075,1752,2,2,3,1927,Rural,Excellent,No,511365,No
1076,4703,1,3,1,1984,Urban,Good,Yes,357248,Yes
1077,671,4,1,1,2022,Suburban,Excellent,No,632093,No
1078,1958,2,4,2,2010,Rural,Excellent,Yes,286109,Yes
1079,4049,3,4,2,1977,Suburban,Poor,No,545951,No
1080,4697,4,3,3,1932,Suburban,Poor,Yes,336640,Yes
1081,2822,4,2,1,2011,Downtown,Good,No,788661,No
1082,2136,4,1,1,1909,Suburban,Fair,No,141257,No
1083,3615,5,2,2,1982,Downtown,Poor,No,53515,No
1084,4590,4,1,3,1929,Rural,Fair,No,578742,No
1085,3504,1,3,3,1921,Downtown,Excellent,Yes,287145,Yes
1086,829,4,1,2,1902,Downtown,Excellent,Yes,72873,Yes
1087,4140,5,1,1,2000,Downtown,Excellent,No,910352,No
1088,4394,4,3,2,2004,Urban,Excellent,No,325871,No
1089,4607,3,2,2,1981,Downtown,Good,No,702664,No
1090,1841,3,3,2,1974,Suburban,Excellent,Yes,643358,Yes
1091,4163,5,1,2,1947,Downtown,Poor,No,935491,No
1092,715,1,3,1,1901,Suburban,Excellent,No,698852,No
1093,838,1,1,2,1975,Downtown,Fair,Yes,278497,Yes
1094,4562,2,3,1,1953,Urban,Poor,No,691501,No
1095,3208,5,4,2,1905,Rural,Fair,No,755339,No
1096,3652,4,4,3,2006,Downtown,Fair,Yes,599753,Yes
1097,2250,5,3,1,2022,Downtown,Good,No,234972,No
1098,2921,2,2,3,1939,Urban,Good,No,634087,No
1099,1209,5,1,2,2007,Downtown,Fair,Yes,560237,Yes
1100,4226,5,4,2,1992,Suburban,Fair,No,670417,No
1101,4142,2,2,2,2022,Downtown,Excellent,Yes,464546,Yes
1102,4493,1,1,1,1993,Downtown,Poor,No,713662,No
1103,988,4,4,3,1901,Rural,Excellent,No,419432,No
1104,546,2,4,1,1972,Rural,Good,No,293761,No
1105,3859,3,3,1,2010,Downtown,Good,No,292821,No
1106,900,1,1,2,1901,Urban,Excellent,No,62875,No
1107,4490,3,2,3,1992,Rural,Poor,Yes,601507,Yes
1108,3657,1,2,2,1996,Downtown,Fair,No,872614,No
1109,4845,4,2,1,1973,Rural,Excellent,No,785901,No
1110,890,4,1,2,1997,Downtown,Good,Yes,485485,Yes
1111,4353,5,2,3,2007,Rural,Poor,Yes,391925,Yes
1112,4930,3,2,2,1954,Rural,Good,No,56457,No
1113,1128,1,2,3,1971,Suburban,Poor,Yes,974253,Yes
1114,4732,4,3,3,2000,Downtown,Poor,No,83064,No
1115,3430,2,3,2,2017,Downtown,Poor,Yes,977325,Yes
1116,2021,4,1,1,1959,Downtown,Excellent,Yes,689544,Yes
1117,1326,2,1,2,1996,Downtown,Excellent,No,934729,No
1118,2000,1,2,1,2010,Rural,Excellent,Yes,808947,Yes
1119,3794,4,3,1,1905,Suburban,Poor,No,259727,No
1120,2919,4,4,2,2007,Suburban,Poor,Yes,975168,Yes
1121,1434,1,4,1,2003,Urban,Good,Yes,210353,Yes
1122,3542,4,2,1,2008,Downtown,Fair,Yes,832351,Yes
1123,4997,2,2,2,1918,Urban,Excellent,No,286887,No
1124,1966,4,3,2,1995,Rural,Poor,No,475037,No
1125,4061,3,3,2,1926,Urban,Good,Yes,809129,Yes
1126,1114,5,3,1,1900,Downtown,Good,No,992151,No
1127,1682,2,1,3,2006,Suburban,Good,No,644206,No
1128,3723,3,1,1,2015,Suburban,Excellent,No,263057,No
1129,3167,1,2,3,1932,Downtown,Excellent,Yes,526015,Yes
1130,630,2,1,2,1939,Rural,Fair,No,926611,No
1131,3483,5,3,3,1931,Downtown,Good,Yes,387088,Yes
1132,4778,5,3,2,1968,Rural,Excellent,Yes,139142,Yes
1133,4959,1,1,2,1916,Suburban,Good,Yes,77603,Yes
1134,538,1,4,3,1907,Rural,Poor,Yes,882890,Yes
1135,4459,2,2,2,1956,Downtown,Good,Yes,120605,Yes
1136,4087,4,4,3,1941,Downtown,Fair,No,331767,No
1137,1420,1,2,2,1997,Downtown,Excellent,No,618728,No
1138,3269,4,4,1,1908,Rural,Poor,Yes,918859,Yes
1139,4611,3,1,1,2019,Rural,Excellent,No,975208,No
1140,992,5,2,2,1986,Rural,Poor,No,405970,No
1141,1631,4,2,2,1934,Suburban,Good,No,339604,No
1142,4021,5,2,3,2013,Urban,Good,No,264117,No
1143,810,4,3,1,1970,Urban,Fair,No,788165,No
1144,1238,3,3,3,1978,Downtown,Fair,No,516727,No
1145,3741,1,4,2,1952,Suburban,Poor,No,160373,No
1146,1045,3,1,2,1953,Rural,Fair,Yes,974069,Yes
1147,2961,1,3,3,1983,Downtown,Fair,Yes,317014,Yes
1148,4846,1,2,2,2013,Suburban,Fair,Yes,68909,Yes
1149,2304,5,3,1,1924,Downtown,Fair,No,321261,No
1150,3712,3,1,3,1966,Suburban,Good,No,299975,No
1151,4310,4,3,1,2023,Suburban,Fair,Yes,903906,Yes
1152,1313,3,2,1,1961,Urban,Good,No,668214,No
1153,4624,5,4,1,1954,Downtown,Good,No,487538,No
1154,2532,1,2,3,1945,Rural,Excellent,Yes,177463,Yes
1155,4913,5,1,2,1923,Urban,Good,Yes,151536,Yes
1156,744,2,4,1,1997,Urban,Good,Yes,856560,Yes
1157,771,2,3,1,1945,Rural,Fair,No,301981,No
1158,4011,4,3,1,1921,Suburban,Good,No,540533,No
1159,2271,5,3,2,1910,Rural,Poor,No,381145,No
1160,1762,4,4,2,1947,Downtown,Fair,Yes,836872,Yes
1161,2924,4,2,3,1907,Rural,Fair,Yes,230685,Yes
1162,4861,2,4,2,1938,Suburban,Fair,No,697779,No
1163,1420,4,4,3,2006,Rural,Excellent,Yes,979167,Yes
1164,3930,2,1,3,1934,Suburban,Fair,Yes,547275,Yes
1165,4935,1,4,3,1948,Suburban,Good,No,200619,No
1166,4984,5,3,3,1945,Downtown,Poor,Yes,655950,Yes
1167,3124,4,2,3,1937,Rural,Fair,Yes,810416,Yes
1168,4260,2,2,1,1907,Rural,Fair,Yes,50005,Yes
1169,2550,3,2,2,1953,Downtown,Poor,No,284152,No
1170,4000,4,3,1,1936,Suburban,Fair,No,319182,No
1171,1665,1,3,3,1990,Rural,Excellent,Yes,842846,Yes
1172,875,1,3,2,1991,Downtown,Good,No,530875,No
1173,2533,3,3,1,1939,Suburban,Poor,No,905938,No
1174,645,2,3,1,1933,Downtown,Poor,No,913018,No
1175,4888,4,4,3,1995,Rural,Excellent,Yes,445822,Yes
1176,931,2,3,1,1978,Downtown,Good,No,852914,No
1177,1204,1,3,1,2007,Urban,Excellent,Yes,804189,Yes
1178,3132,2,3,1,1916,Suburban,Good,Yes,252945,Yes
1179,4994,1,3,1,1932,Urban,Excellent,No,608236,No
1180,1463,2,2,1,1946,Urban,Fair,Yes,402131,Yes
1181,2734,3,3,3,2009,Suburban,Excellent,No,272873,No
1182,2541,5,4,3,1951,Suburban,Poor,No,272322,No
1183,2328,3,4,1,2017,Downtown,Poor,Yes,70875,Yes
1184,2608,3,4,3,1979,Suburban,Poor,Yes,325201,Yes
1185,4568,5,1,3,1992,Urban,Excellent,No,82400,No
1186,1438,5,2,2,1908,Urban,Poor,No,514674,No
1187,1306,4,3,1,1932,Rural,Poor,No,118607,No
1188,1963,4,1,3,1959,Suburban,Fair,No,923993,No
1189,3915,3,3,3,2012,Urban,Fair,Yes,339647,Yes
1190,510,3,1,1,1992,Rural,Good,Yes,466981,Yes
1191,2368,1,1,2,1976,Rural,Good,Yes,151096,Yes
1192,1384,1,4,1,1920,Downtown,Good,No,620900,No
1193,4064,4,4,2,1957,Urban,Excellent,Yes,934750,Yes
1194,1889,4,1,1,1984,Downtown,Good,Yes,311538,Yes
1195,3901,1,4,1,1968,Urban,Excellent,Yes,134335,Yes
1196,4821,1,1,1,1909,Downtown,Excellent,Yes,413133,Yes
1197,1324,2,2,1,1905,Downtown,Good,No,667300,No
1198,2765,2,4,2,2019,Suburban,Good,Yes,131748,Yes
1199,1436,1,4,2,2014,Downtown,Excellent,Yes,976932,Yes
1200,3300,2,4,3,2020,Suburban,Fair,Yes,736779,Yes
1201,3053,5,2,1,1912,Rural,Poor,Yes,115195,Yes
1202,4345,4,1,2,1964,Urban,Poor,No,779055,No
1203,2296,4,3,2,1919,Rural,Poor,No,664134,No
1204,553,1,4,2,1956,Urban,Fair,Yes,676692,Yes
1205,1226,3,1,1,2010,Rural,Excellent,No,351286,No
1206,3236,1,2,3,1945,Urban,Good,No,835608,No
1207,3670,2,3,2,1907,Downtown,Excellent,No,121540,No
1208,2413,3,4,1,1909,Urban,Excellent,No,743649,No
1209,2096,2,2,2,1972,Urban,Good,Yes,389092,Yes
1210,2414,5,2,2,2012,Rural,Fair,No,895383,No
1211,2966,2,3,3,2004,Rural,Poor,No,61755,No
1212,3237,5,1,2,1966,Rural,Poor,Yes,827203,Yes
1213,1349,5,4,2,1910,Suburban,Excellent,Yes,430129,Yes
1214,2609,2,4,1,1911,Suburban,Fair,Yes,658841,Yes
1215,502,2,1,1,1909,Urban,Poor,Yes,184962,Yes
1216,4755,5,1,3,1924,Urban,Fair,No,930808,No
1217,4569,3,1,1,1948,Downtown,Good,Yes,306760,Yes
1218,1392,5,3,1,1948,Downtown,Excellent,No,67175,No
1219,2530,4,3,3,1988,Urban,Excellent,No,902119,No
1220,3660,5,4,2,1910,Suburban,Fair,Yes,921415,Yes
1221,2876,3,3,3,1961,Urban,Poor,Yes,531503,Yes
1222,2433,4,2,1,2017,Downtown,Fair,No,800071,No
1223,1880,1,4,3,1935,Suburban,Good,No,729648,No
1224,4181,1,3,2,1938,Suburban,Poor,Yes,96629,Yes
1225,1790,3,1,3,1952,Downtown,Poor,Yes,691067,Yes
1226,2140,5,2,1,1989,Urban,Fair,Yes,228872,Yes
1227,3182,2,1,1,1977,Rural,Good,No,742727,No
1228,1487,3,4,3,2002,Urban,Poor,No,520970,No
1229,1718,4,1,2,1955,Urban,Excellent,Yes,380657,Yes
1230,1855,4,3,3,2003,Downtown,Good,No,657050,No
1231,4765,1,3,2,1900,Suburban,Poor,Yes,210094,Yes
1232,4635,4,4,2,1955,Downtown,Fair,No,774689,No
1233,2060,3,1,3,2017,Urban,Poor,No,969163,No
1234,1918,4,4,2,1903,Rural,Excellent,Yes,107941,Yes
1235,1454,3,1,1,1929,Rural,Good,Yes,355617,Yes
1236,1483,2,2,3,1911,Rural,Poor,Yes,760958,Yes
1237,1474,1,3,2,2019,Downtown,Excellent,No,66040,No
1238,4633,4,4,1,1934,Suburban,Poor,No,119806,No
1239,4472,3,2,3,1976,Downtown,Poor,Yes,718646,Yes
1240,1413,5,2,1,1951,Rural,Good,No,250211,No
1241,536,1,4,1,1930,Urban,Fair,Yes,686364,Yes
1242,3887,2,4,1,2001,Suburban,Fair,No,105916,No
1243,2211,3,2,2,2006,Downtown,Excellent,Yes,722960,Yes
1244,3520,2,1,3,1986,Downtown,Excellent,No,445507,No
1245,1295,2,2,3,1967,Suburban,Excellent,No,456339,No
1246,4536,4,4,2,1951,Suburban,Good,No,840243,No
1247,3611,4,2,3,1979,Urban,Fair,No,605564,No
1248,1824,3,1,1,1906,Suburban,Excellent,Yes,235217,Yes
1249,817,5,3,3,1921,Urban,Excellent,No,917481,No
1250,2896,3,3,2,1992,Rural,Poor,Yes,251750,Yes
1251,2662,5,2,1,1974,Rural,Poor,Yes,269854,Yes
1252,3245,2,1,2,1955,Downtown,Excellent,Yes,796403,Yes
1253,2091,1,3,1,1996,Rural,Poor,Yes,994218,Yes
1254,3611,3,2,1,1957,Rural,Poor,No,761045,No
1255,4430,3,2,3,1992,Urban,Poor,Yes,717554,Yes
1256,2496,5,1,1,1963,Downtown,Good,No,385206,No
1257,1812,2,4,2,2022,Suburban,Excellent,No,200434,No
1258,1785,2,2,3,2002,Downtown,Excellent,No,890931,No
1259,4811,5,4,2,1911,Rural,Poor,No,620569,No
1260,2883,2,4,1,1906,Suburban,Good,Yes,881284,Yes
1261,3739,4,3,2,2022,Downtown,Poor,No,836408,No
1262,2639,1,4,2,1954,Downtown,Good,Yes,827981,Yes
1263,2204,3,1,1,2002,Downtown,Excellent,No,554869,No
1264,862,1,3,3,2005,Downtown,Poor,No,753196,No
1265,3104,3,3,2,1961,Urban,Excellent,Yes,578883,Yes
1266,2216,4,3,1,2011,Downtown,Good,No,670218,No
1267,4951,2,2,3,1989,Rural,Fair,No,196474,No
1268,4786,5,2,3,2003,Rural,Good,No,311745,No
1269,4238,4,4,3,1972,Urban,Fair,No,770643,No
1270,2969,1,3,2,2004,Suburban,Excellent,No,404820,No
1271,1056,5,3,2,1997,Suburban,Excellent,Yes,748083,Yes
1272,1325,2,1,2,2008,Rural,Poor,No,232394,No
1273,3308,4,4,3,1976,Rural,Fair,No,752124,No
1274,3219,5,1,2,1954,Urban,Good,Yes,468127,Yes
1275,4008,4,4,1,2018,Suburban,Excellent,No,796648,No
1276,4241,4,4,2,1935,Suburban,Fair,Yes,855837,Yes
1277,2074,2,2,2,1988,Downtown,Good,No,108122,No
1278,4498,3,2,3,1923,Downtown,Fair,No,804849,No
1279,2629,5,1,2,1943,Downtown,Good,Yes,282661,Yes
1280,2903,2,4,1,1916,Urban,Good,No,703197,No
1281,3829,4,3,3,1901,Rural,Good,No,315591,No
1282,1088,2,2,1,1912,Urban,Good,Yes,234215,Yes
1283,2512,3,3,3,1930,Suburban,Fair,Yes,60662,Yes
1284,2047,5,1,3,1992,Rural,Fair,No,506217,No
1285,794,3,2,2,2013,Downtown,Poor,Yes,632570,Yes
1286,2485,1,2,1,1927,Urban,Fair,No,448115,No
1287,3617,5,4,3,1959,Urban,Fair,Yes,865014,Yes
1288,2190,3,1,2,1926,Downtown,Poor,No,641759,No
1289,1636,4,4,3,1914,Urban,Fair,Yes,697801,Yes
1290,2564,5,2,3,1994,Downtown,Good,Yes,223285,Yes
1291,4955,5,1,3,2003,Suburban,Excellent,Yes,681866,Yes
1292,1507,2,2,3,1978,Rural,Excellent,Yes,912303,Yes
1293,3014,4,1,3,1932,Suburban,Poor,Yes,657493,Yes
1294,4026,1,2,3,1919,Suburban,Fair,Yes,910513,Yes
1295,1747,3,3,2,1941,Downtown,Fair,Yes,942215,Yes
1296,4402,2,3,3,1911,Urban,Poor,Yes,284631,Yes
1297,1935,3,4,1,2000,Suburban,Excellent,Yes,133805,Yes
1298,1071,1,3,2,1972,Suburban,Good,No,174698,No
1299,2882,1,2,1,1922,Suburban,Fair,Yes,218902,Yes
1300,1745,5,2,3,1971,Urban,Poor,No,974570,No
1301,2584,1,3,1,1995,Urban,Good,Yes,60712,Yes
1302,777,3,4,3,2011,Downtown,Poor,No,393671,No
1303,2387,4,3,3,1913,Suburban,Poor,No,965885,No
1304,1765,4,1,2,1990,Rural,Poor,Yes,701176,Yes
1305,1540,5,1,2,1924,Urban,Excellent,Yes,806686,Yes
1306,1417,3,1,3,1976,Downtown,Excellent,No,568680,No
1307,1385,3,3,2,2018,Suburban,Poor,No,246437,No
1308,3252,1,3,1,1984,Rural,Fair,Yes,661473,Yes
1309,521,3,3,2,2008,Urban,Good,Yes,411995,Yes
1310,3691,2,1,2,1930,Rural,Fair,Yes,474022,Yes
1311,2853,1,4,1,2000,Urban,Excellent,No,586498,No
1312,1186,2,2,2,2011,Downtown,Good,Yes,86972,Yes
1313,784,5,3,3,2021,Rural,Poor,Yes,811254,Yes
1314,4247,4,4,1,2006,Suburban,Fair,Yes,346280,Yes
1315,1262,5,2,3,1953,Suburban,Fair,Yes,487513,Yes
1316,2928,4,2,1,1904,Urban,Poor,Yes,952877,Yes
1317,3007,5,2,3,1912,Suburban,Fair,No,852377,No
1318,528,3,4,3,1927,Rural,Excellent,No,800561,No
1319,1406,2,4,2,1942,Downtown,Poor,Yes,391324,Yes
1320,3604,4,1,3,1988,Urban,Fair,Yes,382597,Yes
1321,4499,1,4,2,2014,Rural,Poor,No,921836,No
1322,3494,2,4,1,1998,Urban,Good,Yes,980728,Yes
1323,3006,1,4,3,1946,Downtown,Poor,No,53052,No
1324,4109,2,2,3,2002,Urban,Fair,Yes,339416,Yes
1325,4053,2,3,1,1970,Suburban,Excellent,No,353294,No
1326,1953,5,1,1,1937,Suburban,Poor,No,801564,No
1327,3856,4,3,3,1995,Urban,Poor,Yes,198388,Yes
1328,1015,4,3,1,1966,Downtown,Fair,No,496605,No
1329,538,2,4,2,1961,Downtown,Excellent,Yes,712600,Yes
1330,3842,3,1,1,2008,Suburban,Excellent,No,933527,No
1331,1386,3,3,1,1938,Downtown,Good,Yes,380918,Yes
1332,3344,1,3,3,1936,Urban,Good,Yes,879607,Yes
1333,2704,1,1,2,2018,Rural,Fair,Yes,443781,Yes
1334,1598,5,4,1,2013,Urban,Excellent,No,66375,No
1335,2323,2,3,2,1985,Suburban,Excellent,Yes,599998,Yes
1336,3701,1,2,2,1907,Suburban,Good,Yes,755255,Yes
1337,3655,1,3,2,1980,Suburban,Good,Yes,828912,Yes
1338,3593,2,2,3,1951,Downtown,Fair,No,720534,No
1339,4030,5,4,1,1990,Urban,Excellent,Yes,419170,Yes
1340,4278,1,3,3,1932,Rural,Poor,No,530545,No
1341,3396,5,1,1,2009,Urban,Good,No,77597,No
1342,3953,4,1,1,1980,Rural,Fair,No,386433,No
1343,4011,5,3,3,1941,Urban,Excellent,Yes,481613,Yes
1344,1488,3,4,2,1975,Suburban,Excellent,Yes,135687,Yes
1345,4616,3,4,2,2011,Rural,Good,No,168968,No
1346,4526,5,1,1,2009,Urban,Fair,Yes,614562,Yes
1347,4679,3,3,3,1926,Downtown,Poor,Yes,517453,Yes
1348,2182,4,4,2,2011,Downtown,Good,No,253570,No
1349,4463,2,1,2,1907,Urban,Fair,No,481413,No
1350,1433,3,2,1,1922,Suburban,Excellent,Yes,622922,Yes
1351,4098,3,3,1,2023,Rural,Poor,No,866473,No
1352,3733,5,2,3,2005,Urban,Fair,Yes,974752,Yes
1353,2480,4,2,1,2012,Downtown,Poor,No,397509,No
1354,2355,2,4,2,1963,Rural,Fair,Yes,969707,Yes
1355,3556,5,4,2,2022,Downtown,Fair,Yes,888418,Yes
1356,1292,5,4,2,1992,Downtown,Fair,No,861802,No
1357,1291,4,3,2,2013,Urban,Fair,Yes,347391,Yes
1358,2309,2,2,3,1919,Downtown,Poor,Yes,960835,Yes
1359,2755,4,3,3,1915,Rural,Good,No,431688,No
1360,4110,2,4,1,1916,Suburban,Poor,Yes,256994,Yes
1361,2107,4,2,1,1979,Urban,Fair,Yes,830768,Yes
1362,1484,5,3,1,1918,Rural,Poor,Yes,443650,Yes
1363,4176,5,3,3,2019,Urban,Poor,No,637270,No
1364,3880,1,1,2,2019,Downtown,Poor,No,901612,No
1365,1019,3,3,1,1907,Downtown,Fair,No,682822,No
1366,1090,4,4,2,1937,Rural,Poor,No,739834,No
1367,1550,1,3,1,1937,Rural,Excellent,No,336788,No
1368,4133,3,2,1,1952,Suburban,Fair,Yes,612781,Yes
1369,4944,4,3,1,1992,Rural,Poor,Yes,395968,Yes
1370,1459,2,1,1,2004,Rural,Excellent,Yes,564922,Yes
1371,1192,3,2,1,1999,Urban,Poor,No,971463,No
1372,4399,5,2,2,1989,Downtown,Good,Yes,883721,Yes
1373,4973,1,1,1,1930,Rural,Poor,No,978647,No
1374,3446,3,4,2,1943,Suburban,Poor,Yes,482809,Yes
1375,1026,3,2,3,1959,Rural,Good,No,482331,No
1376,3724,5,4,1,1975,Downtown,Fair,Yes,816505,Yes
1377,2753,4,2,2,2018,Rural,Good,Yes,727900,Yes
1378,3844,2,2,3,1916,Urban,Fair,No,347625,No
1379,4465,5,4,3,1978,Downtown,Good,Yes,276577,Yes
1380,2375,2,2,3,1972,Rural,Poor,Yes,651385,Yes
1381,2263,4,4,2,1938,Urban,Poor,No,859010,No
1382,1020,3,1,1,1941,Downtown,Fair,Yes,980291,Yes
1383,1516,2,4,1,1947,Rural,Fair,Yes,384192,Yes
1384,616,1,1,2,1911,Urban,Excellent,No,564771,No
1385,2933,1,2,1,1995,Suburban,Excellent,No,233951,No
1386,1083,5,4,2,1988,Urban,Poor,No,191668,No
1387,894,4,2,1,2002,Suburban,Poor,No,503885,No
1388,4288,5,4,3,1917,Rural,Excellent,No,463146,No
1389,3268,5,1,1,1978,Urban,Excellent,Yes,229022,Yes
1390,4667,5,1,2,1995,Suburban,Fair,No,932169,No
1391,4360,1,4,2,1905,Downtown,Good,No,330831,No
1392,773,1,1,3,2021,Urban,Fair,Yes,496049,Yes
1393,2513,5,2,2,2007,Rural,Excellent,Yes,172540,Yes
1394,4933,1,2,1,1942,Downtown,Poor,Yes,741349,Yes
1395,1889,4,3,1,2015,Suburban,Excellent,Yes,866615,Yes
1396,4066,5,1,3,1934,Urban,Poor,Yes,332902,Yes
1397,665,1,2,2,1997,Urban,Poor,No,706442,No
1398,2067,2,4,3,2001,Rural,Poor,Yes,812301,Yes
1399,1228,5,1,1,2019,Downtown,Poor,No,670656,No
1400,2543,5,2,3,1953,Urban,Good,Yes,620179,Yes
1401,4697,4,1,2,2020,Urban,Excellent,No,96901,No
1402,3996,3,4,3,1961,Downtown,Fair,Yes,526728,Yes
1403,1278,3,2,2,1968,Urban,Poor,No,416056,No
1404,713,4,3,2,1981,Downtown,Poor,No,645350,No
1405,4262,4,3,1,1915,Downtown,Fair,No,539838,No
1406,2076,4,1,1,1907,Downtown,Fair,No,726923,No
1407,2948,3,4,1,1988,Rural,Poor,No,908440,No
1408,3436,4,2,2,1995,Downtown,Fair,No,445991,No
1409,3617,1,4,3,1989,Downtown,Fair,No,983332,No
1410,1091,5,2,2,2015,Suburban,Good,No,553528,No
1411,3220,5,1,1,1985,Suburban,Fair,No,569149,No
1412,1213,2,2,1,1930,Rural,Excellent,No,854406,No
1413,1435,2,4,3,2006,Downtown,Excellent,Yes,727748,Yes
1414,4837,5,4,1,1909,Suburban,Excellent,No,654879,No
1415,501,1,1,1,1955,Suburban,Poor,No,302990,No
1416,3348,3,4,1,2020,Urban,Excellent,Yes,330759,Yes
1417,4544,3,2,3,1975,Downtown,Good,No,72838,No
1418,2449,1,1,2,2016,Suburban,Excellent,No,352872,No
1419,1417,3,2,1,1991,Rural,Poor,Yes,690537,Yes
1420,3674,4,4,3,1969,Urban,Good,Yes,652288,Yes
1421,2741,5,1,1,2022,Urban,Excellent,No,364942,No
1422,589,5,2,3,1919,Downtown,Good,Yes,515992,Yes
1423,2209,1,4,1,1904,Downtown,Good,No,987126,No
1424,2669,3,4,3,1922,Urban,Poor,No,194608,No
1425,4738,2,3,1,1908,Rural,Poor,No,186772,No
1426,3541,2,4,2,1957,Downtown,Good,Yes,744199,Yes
1427,605,3,2,1,1958,Downtown,Excellent,No,846680,No
1428,1386,2,1,3,1992,Urban,Poor,No,95291,No
1429,927,1,3,1,1979,Urban,Good,Yes,919061,Yes
1430,2395,1,4,2,1953,Downtown,Fair,No,265963,No
1431,816,3,4,1,1945,Suburban,Fair,No,175612,No
1432,1134,2,4,3,1921,Downtown,Poor,No,591465,No
1433,2425,1,2,3,1963,Suburban,Excellent,No,462699,No
1434,2556,1,3,2,1907,Urban,Fair,No,93815,No
1435,3644,4,2,3,2022,Suburban,Fair,No,874965,No
1436,2770,4,3,1,1919,Rural,Fair,Yes,836458,Yes
1437,1939,1,1,1,1950,Urban,Excellent,No,154997,No
1438,1052,3,2,1,1977,Downtown,Excellent,No,110611,No
1439,1215,5,2,3,1938,Downtown,Poor,Yes,661530,Yes
1440,4411,5,1,1,1936,Urban,Poor,No,467876,No
1441,2213,1,3,1,1949,Urban,Fair,No,760463,No
1442,3889,1,4,1,1933,Rural,Excellent,Yes,417057,Yes
1443,1607,1,1,2,1974,Urban,Good,Yes,92082,Yes
1444,4706,3,4,3,2017,Downtown,Fair,Yes,197330,Yes
1445,750,4,4,3,2003,Rural,Poor,Yes,677901,Yes
1446,2930,1,1,3,1932,Downtown,Excellent,Yes,934747,Yes
1447,2554,1,3,2,1930,Suburban,Poor,Yes,926122,Yes
1448,958,2,4,3,2022,Urban,Poor,Yes,145220,Yes
1449,707,3,1,2,1953,Suburban,Excellent,No,589677,No
1450,1399,1,2,2,1943,Downtown,Fair,No,141860,No
1451,3961,2,2,3,1933,Suburban,Excellent,No,733045,No
1452,3885,5,2,1,2013,Suburban,Fair,Yes,502436,Yes
1453,521,1,1,1,1970,Downtown,Poor,No,994699,No
1454,909,1,2,3,2021,Downtown,Excellent,Yes,71797,Yes
1455,1394,2,4,3,2012,Urban,Good,No,948407,No
1456,1014,3,2,2,2017,Suburban,Fair,No,933601,No
1457,4609,1,2,3,1961,Rural,Good,No,820227,No
1458,2634,5,4,2,1922,Rural,Fair,No,640620,No
1459,4095,1,2,3,1945,Downtown,Excellent,Yes,810943,Yes
1460,3456,5,4,1,1955,Downtown,Good,Yes,274997,Yes
1461,2060,4,2,1,1906,Suburban,Excellent,No,506123,No
1462,1766,4,4,3,2017,Downtown,Fair,Yes,450404,Yes
1463,2669,5,2,2,1988,Rural,Fair,Yes,335840,Yes
1464,4138,3,4,1,1960,Urban,Fair,No,52024,No
1465,1249,1,1,2,1902,Urban,Fair,Yes,479201,Yes
1466,3927,1,4,3,2022,Suburban,Poor,Yes,711944,Yes
1467,2427,4,2,3,1937,Urban,Fair,Yes,403142,Yes
1468,4304,5,2,1,1983,Downtown,Good,Yes,208116,Yes
1469,4202,1,3,3,1933,Downtown,Fair,No,831627,No
1470,2856,1,4,1,2012,Downtown,Excellent,No,317429,No
1471,2835,3,1,2,1943,Downtown,Poor,Yes,506331,Yes
1472,806,2,4,1,2007,Suburban,Good,No,843802,No
1473,4165,4,4,1,1929,Urban,Poor,No,67903,No
1474,2489,4,1,2,1916,Rural,Poor,No,737859,No
1475,1161,2,4,1,1958,Urban,Poor,Yes,934336,Yes
1476,811,1,1,1,1909,Downtown,Excellent,Yes,859427,Yes
1477,3420,3,1,3,1998,Rural,Poor,No,417304,No
1478,1582,3,4,2,1983,Suburban,Poor,No,478416,No
1479,3471,4,4,1,1917,Downtown,Fair,Yes,662665,Yes
1480,1254,3,2,2,1944,Downtown,Excellent,No,251474,No
1481,4630,2,2,2,2007,Rural,Good,Yes,456782,Yes
1482,852,1,3,1,1990,Suburban,Good,No,874254,No
1483,1402,2,3,3,1958,Rural,Good,Yes,419556,Yes
1484,4388,5,4,2,1961,Suburban,Excellent,Yes,887654,Yes
1485,658,4,1,1,1958,Downtown,Good,Yes,930520,Yes
1486,2477,3,3,2,1948,Urban,Excellent,Yes,543301,Yes
1487,1456,5,4,3,1999,Downtown,Fair,No,402594,No
1488,2571,3,3,3,1962,Urban,Fair,Yes,493884,Yes
1489,903,1,1,3,1986,Urban,Excellent,No,683654,No
1490,3279,1,4,1,1931,Suburban,Good,Yes,422222,Yes
1491,1887,1,1,1,1909,Rural,Excellent,Yes,638141,Yes
1492,3953,3,4,3,1910,Suburban,Excellent,No,235715,No
1493,1455,5,3,1,2001,Downtown,Poor,No,960226,No
1494,2212,1,2,3,1969,Rural,Excellent,No,203405,No
1495,1773,5,3,1,2022,Urban,Poor,Yes,459174,Yes
1496,4311,3,3,3,2004,Urban,Fair,Yes,626730,Yes
1497,3125,5,2,2,1961,Downtown,Poor,No,464170,No
1498,2882,3,2,3,1946,Rural,Excellent,Yes,280755,Yes
1499,1941,3,4,3,1933,Downtown,Fair,No,583963,No
1500,3479,4,4,1,1999,Downtown,Poor,Yes,139590,Yes
1501,2297,3,1,1,2000,Suburban,Excellent,Yes,420714,Yes
1502,4890,3,1,1,1916,Downtown,Fair,Yes,343805,Yes
1503,4509,2,3,1,2003,Rural,Poor,No,638577,No
1504,1894,1,2,1,2003,Downtown,Excellent,Yes,67184,Yes
1505,4781,4,1,1,1953,Rural,Excellent,No,884395,No
1506,1769,4,3,2,1975,Urban,Good,No,731182,No
1507,4214,4,2,3,1984,Downtown,Good,Yes,505519,Yes
1508,1029,2,4,3,1939,Rural,Poor,No,257537,No
1509,4123,3,3,3,1918,Urban,Poor,No,841699,No
1510,3458,1,4,2,1966,Rural,Poor,Yes,233719,Yes
1511,3414,5,1,3,1981,Urban,Excellent,No,899246,No
1512,4091,3,1,2,1952,Suburban,Poor,No,872457,No
1513,2647,2,2,2,2014,Downtown,Excellent,Yes,171246,Yes
1514,3869,3,3,2,1963,Downtown,Poor,Yes,389749,Yes
1515,1439,3,4,3,1982,Urban,Excellent,Yes,706341,Yes
1516,1025,2,2,2,1946,Suburban,Excellent,No,879868,No
1517,501,4,1,3,1905,Rural,Good,No,723832,No
1518,874,4,1,3,1915,Suburban,Fair,Yes,200408,Yes
1519,2840,1,3,1,1971,Rural,Excellent,No,730947,No
1520,4505,1,4,1,2011,Rural,Poor,Yes,913624,Yes
1521,3552,4,3,2,1917,Downtown,Good,Yes,287439,Yes
1522,2865,5,4,2,1951,Urban,Poor,Yes,957023,Yes
1523,2025,3,4,3,1947,Downtown,Poor,No,396655,No
1524,4976,5,3,2,1942,Downtown,Excellent,No,583953,No
1525,2146,3,2,2,1938,Downtown,Excellent,Yes,732457,Yes
1526,513,4,3,3,1948,Rural,Fair,Yes,927709,Yes
1527,2778,1,3,2,2012,Downtown,Excellent,No,626762,No
1528,3655,1,1,2,1911,Rural,Excellent,Yes,777333,Yes
1529,629,5,1,3,2008,Urban,Fair,No,468401,No
1530,4314,1,3,3,1909,Rural,Poor,Yes,125911,Yes
1531,3716,4,3,1,1970,Rural,Fair,Yes,142643,Yes
1532,3438,5,1,3,2009,Suburban,Fair,No,866916,No
1533,4428,3,4,1,1954,Downtown,Fair,No,309383,No
1534,2540,1,3,2,1900,Downtown,Good,No,413309,No
1535,527,2,2,3,1948,Downtown,Poor,No,226682,No
1536,2613,1,2,3,1935,Downtown,Good,No,756167,No
1537,1752,3,2,3,1920,Suburban,Good,Yes,862267,Yes
1538,4856,5,3,2,1936,Suburban,Excellent,Yes,800639,Yes
1539,2546,3,4,1,2015,Suburban,Fair,No,146453,No
1540,4523,2,4,2,1923,Suburban,Fair,No,628078,No
1541,4896,4,1,2,1954,Downtown,Good,Yes,782320,Yes
1542,3874,1,3,3,1924,Rural,Excellent,Yes,846075,Yes
1543,3966,5,4,1,1906,Urban,Excellent,No,387990,No
1544,3581,4,3,2,2005,Suburban,Excellent,No,462167,No
1545,4278,3,1,3,1980,Rural,Poor,Yes,535320,Yes
1546,1129,5,1,2,1992,Suburban,Good,No,458449,No
1547,769,4,1,2,1993,Downtown,Poor,Yes,587488,Yes
1548,3139,5,2,3,1970,Downtown,Excellent,Yes,626563,Yes
1549,2493,2,3,3,1996,Rural,Excellent,No,519284,No
1550,3391,2,1,1,1970,Rural,Excellent,Yes,925433,Yes
1551,3932,1,3,2,2021,Rural,Fair,Yes,726651,Yes
1552,1780,1,2,3,1923,Downtown,Good,Yes,354592,Yes
1553,2860,2,2,3,1910,Downtown,Fair,No,998084,No
1554,1075,5,1,1,1972,Urban,Poor,Yes,665973,Yes
1555,1807,2,1,1,1911,Rural,Fair,No,464562,No
1556,3692,1,4,3,1934,Urban,Good,Yes,847051,Yes
1557,3678,2,3,1,1962,Suburban,Fair,Yes,679742,Yes
1558,3234,2,1,3,1967,Urban,Excellent,Yes,576054,Yes
1559,2712,5,4,2,1999,Suburban,Poor,Yes,839981,Yes
1560,2852,4,3,1,1991,Suburban,Poor,Yes,724053,Yes
1561,4068,1,1,2,1956,Urban,Excellent,No,505235,No
1562,2155,5,4,2,1912,Rural,Excellent,No,540674,No
1563,2079,2,4,2,1922,Suburban,Excellent,Yes,830644,Yes
1564,2703,2,3,3,1982,Rural,Good,No,944370,No
1565,1890,4,4,2,2005,Downtown,Fair,No,964105,No
1566,2242,1,3,2,2000,Suburban,Poor,Yes,543496,Yes
1567,2425,1,3,2,1938,Downtown,Fair,No,884760,No
1568,1119,3,3,3,1987,Urban,Excellent,No,520917,No
1569,1774,1,2,2,1979,Rural,Excellent,No,270172,No
1570,1456,4,4,2,1996,Urban,Fair,No,75301,No
1571,2439,3,3,1,1911,Suburban,Poor,Yes,619051,Yes
1572,4453,3,1,3,1933,Downtown,Good,No,201837,No
1573,2881,2,2,2,1970,Suburban,Fair,Yes,881219,Yes
1574,1468,2,2,1,1974,Urban,Excellent,Yes,957107,Yes
1575,1816,1,4,3,1930,Rural,Excellent,No,57425,No
1576,1543,3,3,3,1992,Rural,Good,Yes,325001,Yes
1577,781,2,4,3,1961,Suburban,Fair,No,233843,No
1578,3344,4,2,3,1912,Suburban,Good,Yes,405143,Yes
1579,1558,2,3,3,1930,Downtown,Good,No,465660,No
1580,4793,2,1,3,1901,Urban,Poor,No,833849,No
1581,3032,3,3,2,2002,Suburban,Poor,Yes,615745,Yes
1582,4328,3,2,2,1914,Downtown,Excellent,No,545496,No
1583,1508,5,1,2,1956,Suburban,Fair,No,785101,No
1584,1729,4,3,2,1974,Rural,Poor,No,443920,No
1585,1535,3,1,1,1933,Downtown,Excellent,No,579740,No
1586,775,1,1,2,2002,Downtown,Fair,Yes,161153,Yes
1587,3240,4,2,3,1967,Suburban,Excellent,Yes,875294,Yes
1588,2789,4,1,2,1974,Urban,Poor,Yes,242543,Yes
1589,1739,3,4,2,1928,Rural,Excellent,No,529274,No
1590,625,4,2,3,1965,Urban,Fair,Yes,330444,Yes
1591,4565,3,4,2,1915,Downtown,Fair,No,977070,No
1592,4812,2,1,2,1938,Urban,Excellent,No,450717,No
1593,4368,5,4,2,1976,Downtown,Fair,No,51845,No
1594,1708,2,3,1,1936,Urban,Excellent,Yes,169342,Yes
1595,3749,3,1,2,1980,Suburban,Fair,Yes,875613,Yes
1596,1418,3,3,3,1920,Urban,Excellent,Yes,500479,Yes
1597,4423,2,4,3,1943,Downtown,Excellent,Yes,811654,Yes
1598,4903,1,3,2,2023,Rural,Excellent,No,813292,No
1599,2469,1,1,2,1918,Rural,Good,Yes,768398,Yes
1600,3293,1,3,2,1970,Rural,Fair,Yes,298850,Yes
1601,1391,3,4,3,2001,Downtown,Poor,Yes,788650,Yes
1602,4970,4,4,3,1907,Urban,Excellent,Yes,297688,Yes
1603,2533,3,4,1,1976,Rural,Good,No,608692,No
1604,1864,4,1,1,2000,Rural,Poor,Yes,596852,Yes
1605,628,2,4,1,1965,Rural,Excellent,Yes,672186,Yes
1606,1514,5,1,3,1940,Suburban,Poor,Yes,330371,Yes
1607,2299,4,3,1,1974,Downtown,Good,No,570919,No
1608,2018,1,4,2,1987,Downtown,Poor,Yes,145259,Yes
1609,4681,3,3,2,1969,Downtown,Excellent,Yes,174451,Yes
1610,1698,2,2,3,1960,Downtown,Poor,Yes,490691,Yes
1611,4373,1,3,1,1925,Downtown,Poor,No,67215,No
1612,2974,2,2,2,1970,Suburban,Excellent,No,180577,No
1613,3985,5,3,3,2020,Urban,Good,Yes,832680,Yes
1614,4549,3,1,1,2002,Suburban,Good,Yes,121074,Yes
1615,4219,3,3,2,1982,Rural,Poor,No,989203,No
1616,802,5,1,1,1969,Suburban,Fair,No,682909,No
1617,4452,3,1,3,2006,Downtown,Poor,No,979958,No
1618,1486,4,4,1,1928,Suburban,Fair,No,753577,No
1619,2363,2,1,3,2006,Downtown,Poor,No,156759,No
1620,4940,1,2,1,2002,Suburban,Good,Yes,178471,Yes
1621,3572,5,4,2,1965,Downtown,Poor,Yes,858143,Yes
1622,3624,4,4,3,1918,Rural,Poor,Yes,458275,Yes
1623,1827,1,3,3,1967,Downtown,Fair,Yes,622686,Yes
1624,2908,1,1,3,1957,Suburban,Good,No,837718,No
1625,4173,5,1,1,1969,Rural,Fair,No,215369,No
1626,3791,4,2,1,2012,Suburban,Poor,No,682592,No
1627,4533,1,3,2,1956,Rural,Excellent,No,154959,No
1628,1203,1,3,3,1936,Urban,Poor,No,289317,No
1629,1074,4,4,3,1960,Urban,Poor,Yes,731845,Yes
1630,3732,3,4,1,1991,Urban,Fair,Yes,372111,Yes
1631,3132,1,4,1,1929,Suburban,Excellent,Yes,934235,Yes
1632,4328,2,2,2,1970,Suburban,Excellent,Yes,179745,Yes
1633,3730,4,2,2,1972,Rural,Fair,Yes,104583,Yes
1634,988,1,4,1,1924,Rural,Good,No,698365,No
1635,1847,5,3,3,1996,Rural,Excellent,No,494846,No
1636,4181,2,2,2,1964,Rural,Excellent,No,161359,No
1637,3673,1,3,1,2014,Downtown,Fair,No,601374,No
1638,2167,2,3,1,1905,Urban,Good,No,721844,No
1639,2137,2,1,3,1917,Downtown,Good,Yes,773983,Yes
1640,4614,3,4,1,1909,Downtown,Poor,Yes,678420,Yes
1641,4053,2,1,1,1991,Downtown,Poor,Yes,565329,Yes
1642,1500,3,4,2,1910,Downtown,Fair,No,109263,No
1643,1350,4,4,1,1996,Urban,Good,No,724035,No
1644,1888,3,3,1,1964,Downtown,Fair,No,956587,No
1645,4212,5,4,2,1976,Rural,Poor,No,110664,No
1646,1867,1,3,3,2000,Suburban,Fair,Yes,467896,Yes
1647,1321,4,3,3,1983,Rural,Fair,No,984581,No
1648,954,4,4,2,1964,Suburban,Excellent,Yes,956906,Yes
1649,2124,5,3,2,1951,Rural,Excellent,No,389112,No
1650,3272,3,3,3,1966,Rural,Excellent,Yes,970995,Yes
1651,4226,1,3,3,1981,Suburban,Poor,No,751486,No
1652,3647,3,2,3,2004,Urban,Fair,No,817018,No
1653,4589,2,3,3,1977,Downtown,Excellent,Yes,446608,Yes
1654,2690,3,2,3,1930,Rural,Excellent,Yes,505473,Yes
1655,1416,4,2,2,1990,Urban,Excellent,No,117804,No
1656,4486,1,3,1,1916,Downtown,Poor,Yes,874832,Yes
1657,3375,3,3,3,1954,Urban,Poor,No,479767,No
1658,1940,1,2,3,2009,Urban,Fair,No,864520,No
1659,4900,1,2,1,1992,Downtown,Fair,Yes,261087,Yes
1660,1235,2,3,1,1935,Rural,Fair,No,992969,No
1661,4068,2,3,1,2000,Urban,Excellent,No,491371,No
1662,3838,4,4,1,1925,Rural,Good,Yes,137893,Yes
1663,3515,5,2,1,1952,Rural,Poor,No,842401,No
1664,3389,1,2,1,1916,Rural,Excellent,No,58981,No
1665,1461,5,4,2,1985,Downtown,Excellent,No,464248,No
1666,3489,4,2,1,1924,Suburban,Fair,No,366235,No
1667,4348,1,1,1,1901,Rural,Fair,Yes,157154,Yes
1668,1526,1,2,2,2018,Suburban,Excellent,Yes,336552,Yes
1669,4365,5,4,1,1985,Suburban,Poor,Yes,729601,Yes
1670,3363,3,1,3,1904,Urban,Poor,No,884372,No
1671,3001,2,3,3,1903,Rural,Excellent,Yes,526154,Yes
1672,2447,3,4,1,1935,Rural,Good,Yes,756465,Yes
1673,1677,5,4,2,1905,Rural,Good,Yes,242122,Yes
1674,511,2,3,3,2015,Suburban,Poor,No,53657,No
1675,4899,3,4,2,1920,Downtown,Fair,Yes,857662,Yes
1676,3864,2,2,3,1976,Suburban,Good,Yes,986184,Yes
1677,3522,1,3,1,2017,Rural,Good,No,263766,No
1678,3871,3,4,2,2000,Rural,Fair,No,659019,No
1679,3330,2,3,2,2018,Rural,Good,No,223412,No
1680,542,2,3,2,1988,Suburban,Excellent,No,741310,No
1681,1443,2,3,3,1925,Rural,Good,No,713227,No
1682,2890,3,1,3,1954,Urban,Fair,No,783902,No
1683,3045,4,4,3,1938,Rural,Excellent,Yes,54329,Yes
1684,2911,3,1,1,1983,Downtown,Good,Yes,348009,Yes
1685,1504,5,4,3,1932,Urban,Poor,No,772300,No
1686,520,3,2,1,1913,Rural,Excellent,No,569897,No
1687,906,2,2,2,1955,Urban,Excellent,Yes,87869,Yes
1688,1514,1,2,2,1999,Rural,Poor,No,247977,No
1689,4931,3,4,1,1980,Downtown,Poor,No,956617,No
1690,2338,3,3,3,1920,Rural,Good,Yes,548185,Yes
1691,3688,2,3,1,1945,Urban,Good,No,133984,No
1692,1214,1,1,2,1915,Downtown,Fair,No,961604,No
1693,4646,1,1,2,2009,Suburban,Fair,Yes,151069,Yes
1694,4354,5,2,1,1915,Downtown,Excellent,Yes,298577,Yes
1695,4919,3,1,3,2019,Downtown,Poor,Yes,926143,Yes
1696,640,1,4,3,1983,Downtown,Poor,Yes,378396,Yes
1697,1463,1,4,1,1928,Urban,Fair,Yes,391530,Yes
1698,872,4,1,1,1991,Downtown,Excellent,No,168728,No
1699,4135,4,1,3,1907,Rural,Excellent,No,573846,No
1700,3041,1,1,2,1987,Downtown,Fair,No,969215,No
1701,4110,5,1,1,1902,Downtown,Fair,No,75801,No
1702,2192,1,2,3,1988,Rural,Fair,No,792647,No
1703,605,2,2,3,1918,Rural,Good,Yes,809925,Yes
1704,2181,3,1,2,1996,Suburban,Excellent,No,664997,No
1705,4597,5,4,2,1965,Downtown,Excellent,No,365414,No
1706,4516,2,2,2,1978,Urban,Excellent,No,514838,No
1707,3136,5,4,2,1985,Downtown,Fair,No,891967,No
1708,2637,2,3,2,2023,Downtown,Fair,No,305560,No
1709,3916,3,4,1,1973,Rural,Fair,Yes,818026,Yes
1710,4945,3,1,3,1981,Suburban,Fair,No,782119,No
1711,4030,4,3,1,1921,Downtown,Poor,No,66220,No
1712,1786,2,2,1,1945,Urban,Fair,No,325536,No
1713,3679,4,2,1,2012,Downtown,Good,No,528803,No
1714,4154,2,3,1,1990,Urban,Poor,No,445462,No
1715,2859,4,4,1,1912,Rural,Poor,No,332154,No
1716,944,3,2,2,1932,Suburban,Fair,Yes,176951,Yes
1717,535,5,1,2,1904,Downtown,Excellent,No,380502,No
1718,1975,4,3,3,1989,Suburban,Fair,Yes,533419,Yes
1719,4457,2,1,1,1976,Downtown,Excellent,Yes,198306,Yes
1720,2298,2,3,3,1926,Urban,Fair,No,932622,No
1721,2345,3,2,2,2020,Suburban,Fair,No,690083,No
1722,1908,2,4,2,1977,Downtown,Excellent,No,492667,No
1723,2208,1,3,2,1923,Rural,Excellent,Yes,959222,Yes
1724,3438,5,3,1,1966,Urban,Excellent,No,175223,No
1725,1800,4,1,1,2010,Suburban,Excellent,No,572886,No
1726,1743,5,2,2,2014,Downtown,Good,No,649493,No
1727,4476,3,1,3,1962,Suburban,Excellent,Yes,465000,Yes
1728,3597,4,2,3,2012,Downtown,Fair,Yes,997176,Yes
1729,509,4,1,2,1993,Urban,Fair,No,51082,No
1730,2925,1,3,3,1998,Rural,Good,Yes,454364,Yes
1731,2160,3,1,2,1947,Urban,Excellent,No,208566,No
1732,3131,2,4,3,1962,Suburban,Fair,Yes,911525,Yes
1733,1572,1,2,2,1977,Suburban,Good,No,364096,No
1734,3725,1,2,3,1911,Downtown,Fair,Yes,86719,Yes
1735,1816,5,3,1,1927,Urban,Good,No,98737,No
1736,4645,5,2,2,1943,Downtown,Good,No,502669,No
1737,4183,5,4,2,1992,Urban,Poor,Yes,157271,Yes
1738,3773,1,1,3,1942,Suburban,Poor,Yes,744896,Yes
1739,645,2,3,2,1916,Downtown,Excellent,Yes,231676,Yes
1740,3540,4,4,2,1939,Downtown,Poor,Yes,494049,Yes
1741,1962,5,2,2,1948,Urban,Good,Yes,981543,Yes
1742,2084,2,2,1,1984,Rural,Fair,No,642127,No
1743,982,3,4,1,1956,Urban,Fair,No,884363,No
1744,3679,5,1,3,1986,Rural,Excellent,Yes,352069,Yes
1745,1749,4,1,1,1983,Urban,Poor,No,232075,No
1746,1130,3,3,3,1963,Suburban,Excellent,No,492113,No
1747,1161,3,2,1,1974,Downtown,Good,Yes,137745,Yes
1748,4003,4,4,3,1956,Urban,Poor,No,176298,No
1749,3352,5,1,1,2020,Suburban,Excellent,No,667997,No
1750,2966,1,3,1,1997,Urban,Fair,Yes,354431,Yes
1751,1487,4,2,3,1973,Downtown,Fair,Yes,796086,Yes
1752,2046,4,2,2,1973,Urban,Excellent,No,476228,No
1753,1149,4,3,2,2006,Rural,Excellent,Yes,681540,Yes
1754,1468,3,3,1,2023,Downtown,Excellent,No,747143,No
1755,3137,2,1,3,1969,Rural,Good,Yes,421467,Yes
1756,1600,1,4,2,1999,Suburban,Good,Yes,511531,Yes
1757,940,5,2,3,1987,Suburban,Fair,Yes,789126,Yes
1758,1269,5,4,2,1975,Urban,Good,Yes,489707,Yes
1759,1843,2,2,3,1942,Rural,Good,No,270013,No
1760,4858,4,2,1,2018,Rural,Poor,Yes,501800,Yes
1761,4229,1,4,3,1922,Downtown,Good,Yes,849235,Yes
1762,4406,5,3,2,1926,Rural,Poor,No,230697,No
1763,2077,5,1,1,1957,Rural,Good,No,693107,No
1764,4508,4,2,3,2020,Downtown,Fair,No,929793,No
1765,3851,2,3,2,2008,Downtown,Excellent,No,63698,No
1766,2849,1,2,1,1936,Rural,Fair,Yes,65376,Yes
1767,4102,2,1,3,1905,Urban,Good,No,526870,No
1768,1741,2,2,2,1964,Downtown,Excellent,Yes,325261,Yes
1769,1625,1,1,3,1905,Downtown,Excellent,No,286591,No
1770,3101,1,1,3,1949,Rural,Excellent,Yes,481172,Yes
1771,1690,5,2,1,1921,Rural,Poor,No,98786,No
1772,4631,5,2,1,2004,Downtown,Fair,Yes,687293,Yes
1773,4948,1,1,2,1987,Rural,Poor,Yes,268850,Yes
1774,572,3,3,1,1924,Downtown,Excellent,No,378624,No
1775,2414,5,4,2,1978,Urban,Fair,Yes,737055,Yes
1776,2972,3,1,3,1989,Urban,Fair,Yes,969015,Yes
1777,3546,1,2,3,1971,Downtown,Good,Yes,889665,Yes
1778,1207,5,2,2,1950,Downtown,Poor,Yes,423166,Yes
1779,2304,2,3,3,1987,Suburban,Poor,No,465718,No
1780,4213,1,4,1,1947,Suburban,Good,Yes,493226,Yes
1781,3064,4,1,3,2001,Rural,Poor,Yes,142529,Yes
1782,2975,3,1,1,1969,Rural,Excellent,No,517121,No
1783,4110,1,4,2,2017,Downtown,Excellent,No,815784,No
1784,4755,1,1,2,1998,Downtown,Poor,No,489705,No
1785,3323,5,4,3,2005,Suburban,Good,Yes,675207,Yes
1786,2235,5,2,3,1964,Suburban,Fair,Yes,919965,Yes
1787,2085,5,4,1,1959,Downtown,Poor,No,524381,No
1788,566,4,1,1,1945,Urban,Fair,Yes,999453,Yes
1789,3561,5,4,3,1935,Urban,Good,No,522803,No
1790,2928,1,3,3,1957,Rural,Fair,Yes,536275,Yes
1791,4653,5,2,2,1975,Downtown,Good,No,772670,No
1792,841,2,2,2,1937,Downtown,Good,Yes,259870,Yes
1793,3274,5,4,2,1910,Rural,Excellent,No,643695,No
1794,3317,4,1,3,1911,Suburban,Excellent,Yes,648097,Yes
1795,3161,2,3,3,1941,Suburban,Good,No,329373,No
1796,1732,1,2,3,2013,Urban,Poor,Yes,994889,Yes
1797,4374,1,2,2,1938,Downtown,Excellent,Yes,616464,Yes
1798,2901,3,1,3,1970,Suburban,Good,Yes,669113,Yes
1799,1994,2,1,1,1910,Urban,Fair,No,970764,No
1800,4711,3,3,3,1935,Urban,Fair,Yes,147555,Yes
1801,1161,2,4,3,1951,Urban,Poor,Yes,577433,Yes
1802,4383,2,1,3,1930,Suburban,Fair,Yes,147289,Yes
1803,4119,4,4,3,1932,Suburban,Fair,No,713162,No
1804,2368,3,3,3,1912,Downtown,Good,Yes,838695,Yes
1805,2834,4,4,1,1917,Downtown,Fair,No,470129,No
1806,3874,2,2,1,1940,Urban,Fair,Yes,107788,Yes
1807,1516,1,4,3,1957,Urban,Fair,No,713515,No
1808,4906,2,3,2,1955,Suburban,Fair,No,706282,No
1809,707,4,3,3,1923,Suburban,Good,Yes,777591,Yes
1810,3165,3,3,3,1972,Downtown,Fair,No,201744,No
1811,2993,3,4,3,1930,Downtown,Poor,No,219598,No
1812,1132,4,2,2,1954,Rural,Excellent,Yes,881776,Yes
1813,2602,3,1,2,2004,Downtown,Poor,No,959251,No
1814,3459,5,2,2,1909,Suburban,Excellent,No,462230,No
1815,3583,1,4,1,1959,Urban,Poor,No,647640,No
1816,2431,1,4,2,1901,Rural,Excellent,No,534495,No
1817,4219,1,1,1,2001,Downtown,Excellent,Yes,352468,Yes
1818,3062,3,4,1,1914,Downtown,Excellent,No,557745,No
1819,2179,3,3,2,1902,Suburban,Excellent,No,930507,No
1820,736,2,3,2,1942,Rural,Good,Yes,276710,Yes
1821,4943,2,3,2,1930,Downtown,Poor,Yes,744058,Yes
1822,2040,1,3,1,1969,Urban,Excellent,No,913601,No
1823,4443,5,3,3,1966,Suburban,Poor,Yes,859816,Yes
1824,863,2,4,2,1955,Rural,Fair,Yes,577800,Yes
1825,2868,2,1,2,1962,Downtown,Excellent,Yes,973570,Yes
1826,785,3,1,2,1974,Downtown,Poor,Yes,736860,Yes
1827,648,5,3,1,1914,Rural,Good,Yes,173775,Yes
1828,4537,1,4,1,2008,Suburban,Poor,Yes,128743,Yes
1829,2266,2,2,3,2015,Rural,Excellent,Yes,397786,Yes
1830,1512,5,2,2,1991,Rural,Fair,Yes,441731,Yes
1831,3331,5,4,1,1909,Suburban,Poor,Yes,654146,Yes
1832,3007,1,3,3,1937,Downtown,Fair,No,629088,No
1833,2023,5,1,2,1946,Urban,Good,No,506356,No
1834,3285,5,4,1,1956,Suburban,Poor,No,674652,No
1835,3056,5,2,2,1949,Urban,Poor,No,555533,No
1836,4225,2,2,2,2013,Downtown,Good,No,314531,No
1837,2101,1,2,1,1970,Rural,Good,Yes,237232,Yes
1838,2908,5,3,1,1914,Urban,Good,Yes,778927,Yes
1839,840,5,2,1,1917,Downtown,Excellent,No,182871,No
1840,3317,2,4,2,1981,Downtown,Excellent,No,169095,No
1841,2996,1,4,2,2015,Rural,Poor,Yes,609836,Yes
1842,2225,3,2,3,2004,Rural,Poor,No,140450,No
1843,2189,2,4,2,1987,Downtown,Poor,Yes,679957,Yes
1844,3767,1,2,1,1901,Downtown,Fair,No,916603,No
1845,4906,5,2,2,2003,Urban,Good,Yes,483595,Yes
1846,761,1,1,3,1983,Downtown,Poor,No,357558,No
1847,1942,1,3,3,1997,Downtown,Good,Yes,647359,Yes
1848,905,1,3,1,1942,Urban,Excellent,No,687096,No
1849,2690,3,1,1,1925,Suburban,Good,No,550884,No
1850,4937,1,1,3,1970,Urban,Fair,Yes,128591,Yes
1851,743,3,3,3,1937,Urban,Fair,Yes,798501,Yes
1852,4607,5,2,3,1993,Rural,Good,No,316441,No
1853,1060,3,2,1,1941,Urban,Fair,No,683801,No
1854,4637,5,3,3,1904,Downtown,Fair,Yes,965100,Yes
1855,3225,5,2,3,1910,Downtown,Excellent,Yes,922911,Yes
1856,1093,3,1,1,1964,Downtown,Poor,Yes,148752,Yes
1857,2326,2,2,2,1933,Suburban,Fair,No,186080,No
1858,3729,4,2,2,2019,Downtown,Poor,No,267885,No
1859,3787,1,4,3,1900,Suburban,Good,Yes,427625,Yes
1860,4573,4,4,2,1982,Downtown,Good,No,197892,No
1861,633,1,4,2,1901,Urban,Fair,No,514764,No
1862,3638,1,2,2,1984,Rural,Good,Yes,203325,Yes
1863,4419,5,3,2,1919,Downtown,Excellent,No,472418,No
1864,572,1,1,3,1960,Suburban,Fair,Yes,996740,Yes
1865,4994,1,2,2,1986,Suburban,Fair,Yes,641444,Yes
1866,4725,3,3,2,1920,Rural,Fair,No,817248,No
1867,3478,4,2,1,1987,Downtown,Good,No,110263,No
1868,4861,3,1,3,1967,Urban,Good,Yes,955428,Yes
1869,2485,1,2,1,1911,Downtown,Fair,Yes,673540,Yes
1870,1292,5,1,1,1921,Downtown,Poor,Yes,168632,Yes
1871,4759,3,2,3,1919,Rural,Good,No,911287,No
1872,594,3,1,2,1981,Downtown,Good,Yes,66575,Yes
1873,1633,2,2,1,1900,Urban,Fair,Yes,324348,Yes
1874,737,1,1,3,1929,Suburban,Poor,Yes,61952,Yes
1875,3446,5,4,2,1996,Rural,Fair,Yes,569826,Yes
1876,3030,3,2,3,1923,Urban,Good,No,133323,No
1877,2460,3,2,1,1913,Suburban,Fair,No,756502,No
1878,1548,5,3,2,1935,Rural,Fair,Yes,214944,Yes
1879,3029,1,3,2,1968,Rural,Fair,No,734736,No
1880,3464,2,1,3,1974,Suburban,Poor,No,771444,No
1881,1463,3,2,2,1923,Suburban,Fair,No,192712,No
1882,1036,2,1,1,1959,Urban,Good,Yes,338581,Yes
1883,4723,4,4,1,1994,Downtown,Fair,No,177129,No
1884,4179,1,3,1,1954,Downtown,Poor,No,924113,No
1885,4687,4,1,3,1976,Downtown,Excellent,Yes,828810,Yes
1886,4224,4,1,2,1979,Downtown,Poor,Yes,582191,Yes
1887,1042,4,3,2,1923,Downtown,Fair,No,264776,No
1888,1345,1,2,2,1976,Urban,Excellent,No,601151,No
1889,4103,1,1,1,1923,Rural,Fair,Yes,355525,Yes
1890,3536,5,3,2,1953,Urban,Poor,Yes,864980,Yes
1891,2994,2,2,1,1925,Urban,Excellent,Yes,493172,Yes
1892,4985,2,4,2,1965,Urban,Excellent,Yes,585755,Yes
1893,3219,5,3,1,1979,Rural,Fair,No,370098,No
1894,2384,5,1,2,1937,Urban,Fair,Yes,336045,Yes
1895,4638,4,4,3,2009,Urban,Poor,No,859733,No
1896,4849,5,2,3,1964,Rural,Fair,No,961118,No
1897,3701,3,2,1,2012,Urban,Excellent,No,807902,No
1898,3210,2,3,1,1974,Downtown,Good,Yes,921612,Yes
1899,2453,5,3,2,1950,Suburban,Good,Yes,644191,Yes
1900,4350,3,3,2,1934,Urban,Poor,No,416099,No
1901,1189,3,2,3,1942,Suburban,Fair,No,983708,No
1902,2450,3,4,2,1928,Urban,Poor,No,594043,No
1903,956,3,2,1,1936,Urban,Good,No,371961,No
1904,2630,4,1,1,1980,Downtown,Good,No,838525,No
1905,4476,3,2,1,1957,Rural,Fair,Yes,306094,Yes
1906,4744,4,1,1,1953,Suburban,Excellent,Yes,512753,Yes
1907,1679,4,4,1,1938,Rural,Fair,Yes,932751,Yes
1908,4785,3,3,3,1941,Downtown,Good,No,335084,No
1909,4065,2,3,3,1927,Downtown,Excellent,No,749400,No
1910,1382,3,2,1,1928,Suburban,Poor,Yes,703002,Yes
1911,899,3,3,2,1942,Rural,Good,Yes,141544,Yes
1912,1108,3,4,1,1902,Downtown,Poor,No,658725,No
1913,2138,2,3,3,2015,Urban,Excellent,Yes,405113,Yes
1914,2648,1,2,1,1909,Urban,Poor,Yes,157001,Yes
1915,1882,1,4,3,1958,Urban,Good,Yes,137725,Yes
1916,1903,4,1,3,2005,Rural,Fair,No,427928,No
1917,1319,4,2,1,1913,Urban,Poor,No,160675,No
1918,3792,2,1,1,1975,Urban,Good,Yes,144266,Yes
1919,1319,5,4,2,1946,Downtown,Good,No,321380,No
1920,919,1,2,3,1941,Downtown,Excellent,Yes,909029,Yes
1921,4719,4,2,2,1993,Urban,Good,Yes,265196,Yes
1922,3802,1,4,1,1931,Urban,Fair,No,184974,No
1923,2008,2,3,3,1931,Downtown,Fair,No,673944,No
1924,1267,2,2,2,1941,Suburban,Poor,No,346508,No
1925,2544,5,2,2,1931,Rural,Poor,Yes,681359,Yes
1926,2639,5,1,2,1925,Rural,Poor,Yes,406554,Yes
1927,3529,2,3,1,2014,Downtown,Poor,Yes,201168,Yes
1928,2049,4,1,1,1900,Rural,Fair,No,193092,No
1929,2264,1,1,1,1955,Downtown,Excellent,Yes,632761,Yes
1930,3145,3,3,3,2021,Downtown,Poor,Yes,291472,Yes
1931,4216,5,3,1,2005,Downtown,Excellent,Yes,356297,Yes
1932,4981,3,4,3,1901,Downtown,Good,Yes,222349,Yes
1933,2793,4,3,2,1980,Suburban,Good,No,350646,No
1934,3208,5,2,2,1929,Urban,Poor,No,65675,No
1935,1400,3,3,1,2019,Urban,Good,No,991869,No
1936,3584,4,4,2,2002,Suburban,Excellent,Yes,168384,Yes
1937,2509,1,4,1,1970,Rural,Excellent,Yes,128229,Yes
1938,741,4,4,3,1951,Rural,Good,Yes,663337,Yes
1939,2885,5,3,2,1990,Urban,Poor,No,757508,No
1940,4768,2,3,1,1908,Rural,Excellent,No,401301,No
1941,1171,1,1,2,1921,Urban,Excellent,No,270319,No
1942,663,3,1,2,1933,Urban,Fair,No,679999,No
1943,964,5,2,1,2009,Suburban,Poor,No,684378,No
1944,3542,2,1,2,1948,Rural,Fair,Yes,929753,Yes
1945,2942,4,2,2,1900,Suburban,Good,No,776262,No
1946,2855,2,4,2,1972,Urban,Good,No,862897,No
1947,4778,5,1,2,1983,Urban,Fair,No,868718,No
1948,3057,5,3,3,1952,Urban,Poor,Yes,104795,Yes
1949,1045,2,1,2,1982,Downtown,Excellent,No,420283,No
1950,4335,4,2,2,1999,Downtown,Good,No,784543,No
1951,1093,2,1,1,2023,Downtown,Poor,No,153845,No
1952,4304,5,4,3,1939,Suburban,Poor,Yes,362130,Yes
1953,1959,5,3,1,1944,Urban,Good,Yes,387540,Yes
1954,3993,3,2,1,1967,Rural,Good,No,891610,No
1955,3101,3,3,1,1908,Suburban,Poor,No,847177,No
1956,2944,1,3,3,2004,Suburban,Excellent,No,828520,No
1957,3172,5,2,1,1921,Suburban,Fair,No,303730,No
1958,4700,3,3,1,1917,Rural,Good,Yes,253426,Yes
1959,516,2,3,1,1975,Urban,Fair,No,916069,No
1960,3691,4,1,2,2005,Downtown,Poor,Yes,972532,Yes
1961,892,2,3,1,1942,Urban,Fair,No,279333,No
1962,924,4,3,3,1938,Urban,Excellent,Yes,622854,Yes
1963,1071,3,3,3,1972,Suburban,Poor,Yes,880154,Yes
1964,4131,1,3,2,1905,Suburban,Excellent,No,923055,No
1965,1620,2,2,3,1982,Suburban,Poor,Yes,423218,Yes
1966,741,2,4,3,1947,Downtown,Excellent,No,649262,No
1967,4397,2,1,2,2010,Downtown,Poor,Yes,526908,Yes
1968,4595,4,3,1,1906,Downtown,Excellent,Yes,396228,Yes
1969,2779,3,3,2,1979,Urban,Poor,No,220951,No
1970,1288,2,2,1,1968,Suburban,Excellent,No,467983,No
1971,1214,2,4,1,1915,Rural,Poor,Yes,298595,Yes
1972,3349,1,3,3,1900,Urban,Excellent,Yes,953785,Yes
1973,1275,1,2,2,2014,Downtown,Good,No,678705,No
1974,4526,3,1,3,1936,Rural,Fair,No,904531,No
1975,2747,3,1,3,2002,Rural,Poor,No,229729,No
1976,578,5,3,1,1982,Suburban,Excellent,Yes,189570,Yes
1977,4426,1,3,3,2017,Rural,Good,No,254739,No
1978,1355,5,4,2,1936,Downtown,Poor,No,337251,No
1979,2648,4,4,3,1980,Suburban,Poor,Yes,734153,Yes
1980,1531,5,3,3,1963,Rural,Poor,No,970200,No
1981,3771,2,2,1,1989,Suburban,Fair,No,890271,No
1982,4076,5,4,2,1985,Rural,Excellent,No,663529,No
1983,4682,3,3,3,1961,Urban,Excellent,No,597685,No
1984,3956,4,4,1,1971,Urban,Poor,Yes,581992,Yes
1985,4006,2,3,3,1960,Downtown,Poor,No,852874,No
1986,907,5,1,2,1932,Urban,Poor,No,769148,No
1987,3211,4,3,3,1965,Urban,Good,No,179576,No
1988,3588,4,1,3,1929,Urban,Poor,No,59765,No
1989,2168,2,4,1,2010,Rural,Fair,No,427972,No
1990,647,5,3,3,1919,Rural,Excellent,No,60002,No
1991,4827,4,4,1,1959,Suburban,Fair,Yes,834141,Yes
1992,4397,4,1,2,1981,Rural,Poor,Yes,847822,Yes
1993,2450,1,3,3,2006,Urban,Good,Yes,225508,Yes
1994,865,4,4,2,2020,Rural,Poor,No,308446,No
1995,2174,1,1,2,1973,Downtown,Poor,No,527698,No
1996,4994,5,4,3,1923,Suburban,Poor,No,295620,No
1997,3046,5,2,1,2019,Suburban,Poor,Yes,580929,Yes
1998,1062,5,1,2,1903,Rural,Poor,No,476925,No
1999,4062,3,1,2,1936,Urban,Excellent,Yes,161119,Yes
2000,2989,5,1,3,1903,Suburban,Fair,No,482525,No
